{"v":"5.9.0","fr":29.9700012207031,"ip":0,"op":175.000007127896,"w":360,"h":800,"nm":"Mobile","ddd":0,"assets":[],"layers":[{"ddd":0,"ind":5,"ty":4,"nm":"Headlight Lottie Mobile","sr":1,"ks":{"o":{"a":1,"k":[{"i":{"x":[0.388],"y":[1]},"o":{"x":[0.436],"y":[0]},"t":0,"s":[0]},{"i":{"x":[0.388],"y":[1]},"o":{"x":[0.333],"y":[0]},"t":21,"s":[48]},{"i":{"x":[0.667],"y":[1]},"o":{"x":[0.333],"y":[0]},"t":157,"s":[48]},{"t":175.000007127896,"s":[0]}],"ix":11},"r":{"a":0,"k":0,"ix":10},"p":{"a":0,"k":[302,416,0],"ix":2,"l":2},"a":{"a":0,"k":[0,0,0],"ix":1,"l":2},"s":{"a":0,"k":[69,69,100],"ix":6,"l":2}},"ao":0,"shapes":[{"ind":0,"ty":"sh","ix":1,"ks":{"a":0,"k":{"i":[[0,0],[0,0],[0,0],[0,0],[0,0],[0,0],[0,0],[0,0]],"o":[[0,0],[0,0],[0,0],[0,0],[0,0],[0,0],[0,0],[0,0]],"v":[[91.361,-155.964],[93.419,267.537],[-357.572,13.058],[-363.495,5.08],[-370.615,-21.437],[-371.25,-29.75],[-369.835,-42.937],[-366.047,-49.885]],"c":true},"ix":2},"nm":"Path 1","mn":"ADBE Vector Shape - Group","hd":false},{"ty":"gf","o":{"a":0,"k":100,"ix":10},"r":1,"bm":0,"g":{"p":3,"k":{"a":0,"k":[0,1,1,1,0.45,1,1,1,1,1,1,1,0,1,0.268,0.505,1,0.01],"ix":9}},"s":{"a":0,"k":[-933,0],"ix":5},"e":{"a":0,"k":[893,0],"ix":6},"t":1,"nm":"Gradient Fill 1","mn":"ADBE Vector Graphic - G-Fill","hd":false}],"ip":0,"op":175.000007127896,"st":0,"bm":0}],"markers":[]}