{"v":"5.9.0","fr":29.9700012207031,"ip":0,"op":291.000011852673,"w":360,"h":800,"nm":"Mobile","ddd":0,"assets":[{"id":"comp_0","nm":"Exhaust Composition","fr":30,"layers":[{"ddd":0,"ind":1,"ty":4,"nm":"INNER CIRCLE 1","sr":1,"ks":{"o":{"a":0,"k":100,"ix":11},"r":{"a":1,"k":[{"i":{"x":[0.833],"y":[1]},"o":{"x":[0.333],"y":[0]},"t":0,"s":[-180]},{"i":{"x":[0.833],"y":[1]},"o":{"x":[0.167],"y":[0]},"t":53.946,"s":[181.6]},{"i":{"x":[0.667],"y":[1]},"o":{"x":[0.167],"y":[0]},"t":142.857,"s":[181.6]},{"t":165.834006754557,"s":[-180]}],"ix":10},"p":{"a":1,"k":[{"i":{"x":0.667,"y":1},"o":{"x":0.333,"y":0},"t":0,"s":[960.262,541.074,0],"to":[0,0,0],"ti":[0,0,0]},{"i":{"x":0.667,"y":1},"o":{"x":0.333,"y":0},"t":7.992,"s":[960.262,535.074,0],"to":[0,0,0],"ti":[0,0,0]},{"i":{"x":0.667,"y":1},"o":{"x":0.333,"y":0},"t":14.985,"s":[960.262,541.074,0],"to":[0,0,0],"ti":[0,0,0]},{"i":{"x":0.667,"y":1},"o":{"x":0.333,"y":0},"t":22.977,"s":[960.262,535.074,0],"to":[0,0,0],"ti":[0,0,0]},{"i":{"x":0.667,"y":1},"o":{"x":0.333,"y":0},"t":29.97,"s":[960.262,541.074,0],"to":[0,0,0],"ti":[0,0,0]},{"i":{"x":0.667,"y":1},"o":{"x":0.333,"y":0},"t":37.962,"s":[960.262,535.074,0],"to":[0,0,0],"ti":[0,0,0]},{"i":{"x":0.667,"y":1},"o":{"x":0.333,"y":0},"t":44.955,"s":[960.262,541.074,0],"to":[0,0,0],"ti":[0,0,0]},{"i":{"x":0.833,"y":1},"o":{"x":0.333,"y":0},"t":52.947,"s":[960.262,535.074,0],"to":[0,0,0],"ti":[0,0,0]},{"i":{"x":0.667,"y":1},"o":{"x":0.333,"y":0},"t":59.94,"s":[960.262,541.074,0],"to":[0,0,0],"ti":[0,0,0]},{"i":{"x":0.667,"y":1},"o":{"x":0.333,"y":0},"t":67.932,"s":[960.262,535.074,0],"to":[0,0,0],"ti":[0,0,0]},{"i":{"x":0.667,"y":1},"o":{"x":0.333,"y":0},"t":74.925,"s":[960.262,541.074,0],"to":[0,0,0],"ti":[0,0,0]},{"i":{"x":0.667,"y":1},"o":{"x":0.333,"y":0},"t":82.917,"s":[960.262,535.074,0],"to":[0,0,0],"ti":[0,0,0]},{"i":{"x":0.667,"y":1},"o":{"x":0.333,"y":0},"t":89.91,"s":[960.262,541.074,0],"to":[0,0,0],"ti":[0,0,0]},{"i":{"x":0.667,"y":1},"o":{"x":0.333,"y":0},"t":97.902,"s":[960.262,535.074,0],"to":[0,0,0],"ti":[0,0,0]},{"i":{"x":0.667,"y":1},"o":{"x":0.333,"y":0},"t":104.895,"s":[960.262,541.074,0],"to":[0,0,0],"ti":[0,0,0]},{"i":{"x":0.833,"y":1},"o":{"x":0.333,"y":0},"t":112.887,"s":[960.262,535.074,0],"to":[0,0,0],"ti":[0,0,0]},{"i":{"x":0.667,"y":1},"o":{"x":0.333,"y":0},"t":119.88,"s":[960.262,541.074,0],"to":[0,0,0],"ti":[0,0,0]},{"i":{"x":0.667,"y":1},"o":{"x":0.333,"y":0},"t":127.872,"s":[960.262,535.074,0],"to":[0,0,0],"ti":[0,0,0]},{"i":{"x":0.667,"y":1},"o":{"x":0.333,"y":0},"t":134.865,"s":[960.262,541.074,0],"to":[0,0,0],"ti":[0,0,0]},{"i":{"x":0.667,"y":1},"o":{"x":0.333,"y":0},"t":142.857,"s":[960.262,535.074,0],"to":[0,0,0],"ti":[0,0,0]},{"i":{"x":0.667,"y":1},"o":{"x":0.333,"y":0},"t":149.85,"s":[960.262,541.074,0],"to":[0,0,0],"ti":[0,0,0]},{"i":{"x":0.667,"y":1},"o":{"x":0.333,"y":0},"t":157.842,"s":[960.262,535.074,0],"to":[0,0,0],"ti":[0,0,0]},{"i":{"x":0.667,"y":1},"o":{"x":0.333,"y":0},"t":164.835,"s":[960.262,541.074,0],"to":[0,0,0],"ti":[0,0,0]},{"i":{"x":0.833,"y":1},"o":{"x":0.333,"y":0},"t":172.827,"s":[960.262,535.074,0],"to":[0,0,0],"ti":[0,0,0]},{"i":{"x":0.667,"y":1},"o":{"x":0.333,"y":0},"t":179.82,"s":[960.262,541.074,0],"to":[0,0,0],"ti":[0,0,0]},{"i":{"x":0.667,"y":1},"o":{"x":0.333,"y":0},"t":187.812,"s":[960.262,535.074,0],"to":[0,0,0],"ti":[0,0,0]},{"i":{"x":0.667,"y":1},"o":{"x":0.333,"y":0},"t":194.805,"s":[960.262,541.074,0],"to":[0,0,0],"ti":[0,0,0]},{"i":{"x":0.667,"y":1},"o":{"x":0.333,"y":0},"t":202.797,"s":[960.262,535.074,0],"to":[0,0,0],"ti":[0,0,0]},{"i":{"x":0.667,"y":1},"o":{"x":0.333,"y":0},"t":209.79,"s":[960.262,541.074,0],"to":[0,0,0],"ti":[0,0,0]},{"i":{"x":0.667,"y":1},"o":{"x":0.333,"y":0},"t":217.782,"s":[960.262,535.074,0],"to":[0,0,0],"ti":[0,0,0]},{"i":{"x":0.667,"y":1},"o":{"x":0.333,"y":0},"t":224.775,"s":[960.262,541.074,0],"to":[0,0,0],"ti":[0,0,0]},{"i":{"x":0.667,"y":1},"o":{"x":0.333,"y":0},"t":232.767,"s":[960.262,535.074,0],"to":[0,0,0],"ti":[0,0,0]},{"t":239.760009765625,"s":[960.262,541.074,0]}],"ix":2,"l":2},"a":{"a":0,"k":[237.012,204.199,0],"ix":1,"l":2},"s":{"a":0,"k":[100,100,100],"ix":6,"l":2}},"ao":0,"shapes":[{"ty":"gr","it":[{"ind":0,"ty":"sh","ix":1,"ks":{"a":0,"k":{"i":[[0,0],[-5.147,-29.822]],"o":[[30.675,2.4],[0,0]],"v":[[-30.346,-27.646],[30.346,27.645]],"c":false},"ix":2},"nm":"Path 1","mn":"ADBE Vector Shape - Group","hd":false},{"ty":"st","c":{"a":0,"k":[1,0,0.01568627451,1],"ix":3},"o":{"a":0,"k":100,"ix":4},"w":{"a":0,"k":5,"ix":5},"lc":2,"lj":2,"bm":0,"nm":"Stroke 1","mn":"ADBE Vector Graphic - Stroke","hd":false},{"ty":"tr","p":{"a":0,"k":[273.729,163.864],"ix":2},"a":{"a":0,"k":[0,0],"ix":1},"s":{"a":0,"k":[100,100],"ix":3},"r":{"a":0,"k":0,"ix":6},"o":{"a":0,"k":100,"ix":7},"sk":{"a":0,"k":0,"ix":4},"sa":{"a":0,"k":0,"ix":5},"nm":"Transform"}],"nm":"Group 1","np":2,"cix":2,"bm":0,"ix":1,"mn":"ADBE Vector Group","hd":false},{"ty":"tm","s":{"a":0,"k":0,"ix":1},"e":{"a":1,"k":[{"i":{"x":[0.667],"y":[1]},"o":{"x":[0.333],"y":[0]},"t":0,"s":[0]},{"i":{"x":[0.667],"y":[1]},"o":{"x":[0.167],"y":[0]},"t":49.95,"s":[95]},{"i":{"x":[0.667],"y":[1]},"o":{"x":[0.167],"y":[0]},"t":142.857,"s":[95]},{"t":165.834006754557,"s":[0]}],"ix":2},"o":{"a":0,"k":0,"ix":3},"m":1,"ix":2,"nm":"Trim Paths 1","mn":"ADBE Vector Filter - Trim","hd":false}],"ip":0,"op":1158.84004720052,"st":0,"bm":0},{"ddd":0,"ind":2,"ty":4,"nm":"INNER CIRCLE 2","parent":1,"sr":1,"ks":{"o":{"a":0,"k":100,"ix":11},"r":{"a":0,"k":0,"ix":10},"p":{"a":0,"k":[218.637,207.637,0],"ix":2,"l":2},"a":{"a":0,"k":[218.637,207.637,0],"ix":1,"l":2},"s":{"a":0,"k":[100,100,100],"ix":6,"l":2}},"ao":0,"shapes":[{"ty":"gr","it":[{"ind":0,"ty":"sh","ix":1,"ks":{"a":0,"k":{"i":[[0,0],[28.417,-4.256],[1.585,-0.124]],"o":[[-4.953,28.184],[-1.553,0.233],[0,0]],"v":[[30.328,-27.544],[-25.621,27.008],[-30.328,27.544]],"c":false},"ix":2},"nm":"Path 1","mn":"ADBE Vector Shape - Group","hd":false},{"ty":"st","c":{"a":0,"k":[1,0,0.01568627451,1],"ix":3},"o":{"a":0,"k":100,"ix":4},"w":{"a":0,"k":5,"ix":5},"lc":2,"lj":2,"bm":0,"nm":"Stroke 1","mn":"ADBE Vector Graphic - Stroke","hd":false},{"ty":"tr","p":{"a":0,"k":[273.711,242.193],"ix":2},"a":{"a":0,"k":[0,0],"ix":1},"s":{"a":0,"k":[100,100],"ix":3},"r":{"a":0,"k":0,"ix":6},"o":{"a":0,"k":100,"ix":7},"sk":{"a":0,"k":0,"ix":4},"sa":{"a":0,"k":0,"ix":5},"nm":"Transform"}],"nm":"Group 1","np":2,"cix":2,"bm":0,"ix":1,"mn":"ADBE Vector Group","hd":false},{"ty":"tm","s":{"a":0,"k":0,"ix":1},"e":{"a":1,"k":[{"i":{"x":[0.667],"y":[1]},"o":{"x":[0.333],"y":[0]},"t":0,"s":[0]},{"i":{"x":[0.667],"y":[1]},"o":{"x":[0.167],"y":[0]},"t":49.95,"s":[95]},{"i":{"x":[0.667],"y":[1]},"o":{"x":[0.167],"y":[0]},"t":142.857,"s":[95]},{"t":165.834006754557,"s":[0]}],"ix":2},"o":{"a":0,"k":0,"ix":3},"m":1,"ix":2,"nm":"Trim Paths 1","mn":"ADBE Vector Filter - Trim","hd":false}],"ip":0,"op":1158.84004720052,"st":0,"bm":0},{"ddd":0,"ind":3,"ty":4,"nm":"INNER CIRCLE 3","parent":1,"sr":1,"ks":{"o":{"a":0,"k":100,"ix":11},"r":{"a":0,"k":0,"ix":10},"p":{"a":0,"k":[237.637,204.637,0],"ix":2,"l":2},"a":{"a":0,"k":[237.637,204.637,0],"ix":1,"l":2},"s":{"a":0,"k":[100,100,100],"ix":6,"l":2}},"ao":0,"shapes":[{"ty":"gr","it":[{"ind":0,"ty":"sh","ix":1,"ks":{"a":0,"k":{"i":[[0,0],[4.981,28.339]],"o":[[-28.638,-4.082],[0,0]],"v":[[28.21,27.31],[-28.21,-27.31]],"c":false},"ix":2},"nm":"Path 1","mn":"ADBE Vector Shape - Group","hd":false},{"ty":"st","c":{"a":0,"k":[1,0,0.01568627451,1],"ix":3},"o":{"a":0,"k":100,"ix":4},"w":{"a":0,"k":5,"ix":5},"lc":2,"lj":2,"bm":0,"nm":"Stroke 1","mn":"ADBE Vector Graphic - Stroke","hd":false},{"ty":"tr","p":{"a":0,"k":[200.345,241.959],"ix":2},"a":{"a":0,"k":[0,0],"ix":1},"s":{"a":0,"k":[100,100],"ix":3},"r":{"a":0,"k":0,"ix":6},"o":{"a":0,"k":100,"ix":7},"sk":{"a":0,"k":0,"ix":4},"sa":{"a":0,"k":0,"ix":5},"nm":"Transform"}],"nm":"Group 1","np":2,"cix":2,"bm":0,"ix":1,"mn":"ADBE Vector Group","hd":false},{"ty":"tm","s":{"a":0,"k":0,"ix":1},"e":{"a":1,"k":[{"i":{"x":[0.667],"y":[1]},"o":{"x":[0.333],"y":[0]},"t":0,"s":[0]},{"i":{"x":[0.667],"y":[1]},"o":{"x":[0.167],"y":[0]},"t":49.95,"s":[95]},{"i":{"x":[0.667],"y":[1]},"o":{"x":[0.167],"y":[0]},"t":142.857,"s":[95]},{"t":165.834006754557,"s":[0]}],"ix":2},"o":{"a":0,"k":0,"ix":3},"m":1,"ix":2,"nm":"Trim Paths 1","mn":"ADBE Vector Filter - Trim","hd":false}],"ip":0,"op":1158.84004720052,"st":0,"bm":0},{"ddd":0,"ind":4,"ty":4,"nm":"INNER CIRCLE 4","parent":1,"sr":1,"ks":{"o":{"a":0,"k":100,"ix":11},"r":{"a":0,"k":0,"ix":10},"p":{"a":0,"k":[218.637,207.637,0],"ix":2,"l":2},"a":{"a":0,"k":[218.637,207.637,0],"ix":1,"l":2},"s":{"a":0,"k":[100,100,100],"ix":6,"l":2}},"ao":0,"shapes":[{"ty":"gr","it":[{"ind":0,"ty":"sh","ix":1,"ks":{"a":0,"k":{"i":[[0,0],[-28.707,4.091]],"o":[[4.907,-28.436],[0,0]],"v":[[-28.227,27.412],[28.228,-27.412]],"c":false},"ix":2},"nm":"Path 1","mn":"ADBE Vector Shape - Group","hd":false},{"ty":"st","c":{"a":0,"k":[1,0,0.01568627451,1],"ix":3},"o":{"a":0,"k":100,"ix":4},"w":{"a":0,"k":5,"ix":5},"lc":2,"lj":2,"bm":0,"nm":"Stroke 1","mn":"ADBE Vector Graphic - Stroke","hd":false},{"ty":"tr","p":{"a":0,"k":[200.327,164.097],"ix":2},"a":{"a":0,"k":[0,0],"ix":1},"s":{"a":0,"k":[100,100],"ix":3},"r":{"a":0,"k":0,"ix":6},"o":{"a":0,"k":100,"ix":7},"sk":{"a":0,"k":0,"ix":4},"sa":{"a":0,"k":0,"ix":5},"nm":"Transform"}],"nm":"Group 1","np":2,"cix":2,"bm":0,"ix":1,"mn":"ADBE Vector Group","hd":false},{"ty":"tm","s":{"a":0,"k":0,"ix":1},"e":{"a":1,"k":[{"i":{"x":[0.667],"y":[1]},"o":{"x":[0.333],"y":[0]},"t":0,"s":[0]},{"i":{"x":[0.667],"y":[1]},"o":{"x":[0.167],"y":[0]},"t":49.95,"s":[95]},{"i":{"x":[0.667],"y":[1]},"o":{"x":[0.167],"y":[0]},"t":142.857,"s":[95]},{"t":165.834006754557,"s":[0]}],"ix":2},"o":{"a":0,"k":0,"ix":3},"m":1,"ix":2,"nm":"Trim Paths 1","mn":"ADBE Vector Filter - Trim","hd":false}],"ip":0,"op":1158.84004720052,"st":0,"bm":0},{"ddd":0,"ind":5,"ty":4,"nm":"OUTER CIRCLE 1","sr":1,"ks":{"o":{"a":0,"k":100,"ix":11},"r":{"a":1,"k":[{"i":{"x":[0.36],"y":[1]},"o":{"x":[0.249],"y":[0]},"t":0,"s":[180]},{"i":{"x":[0.36],"y":[1]},"o":{"x":[0.167],"y":[0]},"t":57.942,"s":[-180]},{"i":{"x":[0.833],"y":[1]},"o":{"x":[0.167],"y":[0]},"t":142.857,"s":[-180]},{"t":165.834006754557,"s":[180]}],"ix":10},"p":{"a":0,"k":[960.262,537.074,0],"ix":2,"l":2},"a":{"a":0,"k":[236.512,203.199,0],"ix":1,"l":2},"s":{"a":0,"k":[100,100,100],"ix":6,"l":2}},"ao":0,"shapes":[{"ty":"gr","it":[{"ind":0,"ty":"sh","ix":1,"ks":{"a":0,"k":{"i":[[0,0],[-6.148,-35.624]],"o":[[36.644,2.867],[0,0]],"v":[[-36.251,-33.025],[36.25,33.025]],"c":false},"ix":2},"nm":"Path 1","mn":"ADBE Vector Shape - Group","hd":false},{"ty":"st","c":{"a":0,"k":[1,0,0.01568627451,1],"ix":3},"o":{"a":0,"k":100,"ix":4},"w":{"a":0,"k":5,"ix":5},"lc":2,"lj":2,"bm":0,"nm":"Stroke 1","mn":"ADBE Vector Graphic - Stroke","hd":false},{"ty":"tr","p":{"a":0,"k":[280.664,156.252],"ix":2},"a":{"a":0,"k":[0,0],"ix":1},"s":{"a":0,"k":[100,100],"ix":3},"r":{"a":0,"k":0,"ix":6},"o":{"a":0,"k":100,"ix":7},"sk":{"a":0,"k":0,"ix":4},"sa":{"a":0,"k":0,"ix":5},"nm":"Transform"}],"nm":"Group 1","np":2,"cix":2,"bm":0,"ix":1,"mn":"ADBE Vector Group","hd":false},{"ty":"tm","s":{"a":1,"k":[{"i":{"x":[0.667],"y":[1]},"o":{"x":[0.333],"y":[0]},"t":0,"s":[100]},{"i":{"x":[0.667],"y":[1]},"o":{"x":[0.167],"y":[0]},"t":53.946,"s":[0]},{"i":{"x":[0.667],"y":[1]},"o":{"x":[0.167],"y":[0]},"t":142.857,"s":[0]},{"t":165.834006754557,"s":[100]}],"ix":1},"e":{"a":0,"k":100,"ix":2},"o":{"a":0,"k":0,"ix":3},"m":1,"ix":2,"nm":"Trim Paths 1","mn":"ADBE Vector Filter - Trim","hd":false}],"ip":0,"op":1158.84004720052,"st":0,"bm":0},{"ddd":0,"ind":6,"ty":4,"nm":"OUTER CIRCLE 2","parent":5,"sr":1,"ks":{"o":{"a":0,"k":100,"ix":11},"r":{"a":0,"k":0,"ix":10},"p":{"a":0,"k":[218.637,207.637,0],"ix":2,"l":2},"a":{"a":0,"k":[218.637,207.637,0],"ix":1,"l":2},"s":{"a":0,"k":[100,100,100],"ix":6,"l":2}},"ao":0,"shapes":[{"ty":"gr","it":[{"ind":0,"ty":"sh","ix":1,"ks":{"a":0,"k":{"i":[[0,0],[33.947,-5.084],[1.894,-0.148]],"o":[[-5.917,33.668],[-1.854,0.278],[0,0]],"v":[[36.229,-32.904],[-30.607,32.264],[-36.23,32.904]],"c":false},"ix":2},"nm":"Path 1","mn":"ADBE Vector Shape - Group","hd":false},{"ty":"st","c":{"a":0,"k":[1,0,0.01568627451,1],"ix":3},"o":{"a":0,"k":100,"ix":4},"w":{"a":0,"k":5,"ix":5},"lc":2,"lj":2,"bm":0,"nm":"Stroke 1","mn":"ADBE Vector Graphic - Stroke","hd":false},{"ty":"tr","p":{"a":0,"k":[280.643,249.823],"ix":2},"a":{"a":0,"k":[0,0],"ix":1},"s":{"a":0,"k":[100,100],"ix":3},"r":{"a":0,"k":0,"ix":6},"o":{"a":0,"k":100,"ix":7},"sk":{"a":0,"k":0,"ix":4},"sa":{"a":0,"k":0,"ix":5},"nm":"Transform"}],"nm":"Group 1","np":2,"cix":2,"bm":0,"ix":1,"mn":"ADBE Vector Group","hd":false},{"ty":"tm","s":{"a":1,"k":[{"i":{"x":[0.667],"y":[1]},"o":{"x":[0.333],"y":[0]},"t":0,"s":[100]},{"i":{"x":[0.667],"y":[1]},"o":{"x":[0.167],"y":[0]},"t":53.946,"s":[0]},{"i":{"x":[0.833],"y":[1]},"o":{"x":[0.167],"y":[0]},"t":142.857,"s":[0]},{"t":165.834006754557,"s":[100]}],"ix":1},"e":{"a":0,"k":100,"ix":2},"o":{"a":0,"k":0,"ix":3},"m":1,"ix":2,"nm":"Trim Paths 1","mn":"ADBE Vector Filter - Trim","hd":false}],"ip":0,"op":1158.84004720052,"st":0,"bm":0},{"ddd":0,"ind":7,"ty":4,"nm":"OUTER CIRCLE 3","parent":5,"sr":1,"ks":{"o":{"a":0,"k":100,"ix":11},"r":{"a":0,"k":0,"ix":10},"p":{"a":0,"k":[218.637,207.637,0],"ix":2,"l":2},"a":{"a":0,"k":[218.637,207.637,0],"ix":1,"l":2},"s":{"a":0,"k":[100,100,100],"ix":6,"l":2}},"ao":0,"shapes":[{"ty":"gr","it":[{"ind":0,"ty":"sh","ix":1,"ks":{"a":0,"k":{"i":[[0,0],[5.95,33.853]],"o":[[-34.211,-4.876],[0,0]],"v":[[33.699,32.624],[-33.699,-32.624]],"c":false},"ix":2},"nm":"Path 1","mn":"ADBE Vector Shape - Group","hd":false},{"ty":"st","c":{"a":0,"k":[1,0,0.01568627451,1],"ix":3},"o":{"a":0,"k":100,"ix":4},"w":{"a":0,"k":5,"ix":5},"lc":2,"lj":2,"bm":0,"nm":"Stroke 1","mn":"ADBE Vector Graphic - Stroke","hd":false},{"ty":"tr","p":{"a":0,"k":[193.001,249.544],"ix":2},"a":{"a":0,"k":[0,0],"ix":1},"s":{"a":0,"k":[100,100],"ix":3},"r":{"a":0,"k":0,"ix":6},"o":{"a":0,"k":100,"ix":7},"sk":{"a":0,"k":0,"ix":4},"sa":{"a":0,"k":0,"ix":5},"nm":"Transform"}],"nm":"Group 1","np":2,"cix":2,"bm":0,"ix":1,"mn":"ADBE Vector Group","hd":false},{"ty":"tm","s":{"a":1,"k":[{"i":{"x":[0.667],"y":[1]},"o":{"x":[0.333],"y":[0]},"t":0,"s":[100]},{"i":{"x":[0.667],"y":[1]},"o":{"x":[0.167],"y":[0]},"t":53.946,"s":[0]},{"i":{"x":[0.667],"y":[1]},"o":{"x":[0.167],"y":[0]},"t":142.857,"s":[0]},{"t":165.834006754557,"s":[100]}],"ix":1},"e":{"a":0,"k":100,"ix":2},"o":{"a":0,"k":0,"ix":3},"m":1,"ix":2,"nm":"Trim Paths 1","mn":"ADBE Vector Filter - Trim","hd":false}],"ip":0,"op":1158.84004720052,"st":0,"bm":0},{"ddd":0,"ind":8,"ty":4,"nm":"OUTER CIRCLE 4","parent":5,"sr":1,"ks":{"o":{"a":0,"k":100,"ix":11},"r":{"a":0,"k":0,"ix":10},"p":{"a":0,"k":[218.637,207.637,0],"ix":2,"l":2},"a":{"a":0,"k":[218.637,207.637,0],"ix":1,"l":2},"s":{"a":0,"k":[100,100,100],"ix":6,"l":2}},"ao":0,"shapes":[{"ty":"gr","it":[{"ind":0,"ty":"sh","ix":1,"ks":{"a":0,"k":{"i":[[0,0],[-34.294,4.887]],"o":[[5.862,-33.969],[0,0]],"v":[[-33.721,32.746],[33.72,-32.746]],"c":false},"ix":2},"nm":"Path 1","mn":"ADBE Vector Shape - Group","hd":false},{"ty":"st","c":{"a":0,"k":[1,0,0.01568627451,1],"ix":3},"o":{"a":0,"k":100,"ix":4},"w":{"a":0,"k":5,"ix":5},"lc":2,"lj":2,"bm":0,"nm":"Stroke 1","mn":"ADBE Vector Graphic - Stroke","hd":false},{"ty":"tr","p":{"a":0,"k":[192.98,156.531],"ix":2},"a":{"a":0,"k":[0,0],"ix":1},"s":{"a":0,"k":[100,100],"ix":3},"r":{"a":0,"k":0,"ix":6},"o":{"a":0,"k":100,"ix":7},"sk":{"a":0,"k":0,"ix":4},"sa":{"a":0,"k":0,"ix":5},"nm":"Transform"}],"nm":"Group 1","np":2,"cix":2,"bm":0,"ix":1,"mn":"ADBE Vector Group","hd":false},{"ty":"tm","s":{"a":1,"k":[{"i":{"x":[0.667],"y":[1]},"o":{"x":[0.333],"y":[0]},"t":0,"s":[100]},{"i":{"x":[0.667],"y":[1]},"o":{"x":[0.167],"y":[0]},"t":53.946,"s":[0]},{"i":{"x":[0.667],"y":[1]},"o":{"x":[0.167],"y":[0]},"t":142.857,"s":[0]},{"t":165.834006754557,"s":[100]}],"ix":1},"e":{"a":0,"k":100,"ix":2},"o":{"a":0,"k":0,"ix":3},"m":1,"ix":2,"nm":"Trim Paths 1","mn":"ADBE Vector Filter - Trim","hd":false}],"ip":0,"op":1158.84004720052,"st":0,"bm":0},{"ddd":0,"ind":9,"ty":4,"nm":"CH1","sr":1,"ks":{"o":{"a":1,"k":[{"i":{"x":[0.229],"y":[1]},"o":{"x":[0.662],"y":[0]},"t":46.953,"s":[0]},{"t":52.9470021565755,"s":[100]}],"ix":11},"r":{"a":0,"k":0,"ix":10},"p":{"a":0,"k":[957.887,531.637,0],"ix":2,"l":2},"a":{"a":0,"k":[232.637,203.137,0],"ix":1,"l":2},"s":{"a":0,"k":[100,100,100],"ix":6,"l":2}},"ao":0,"shapes":[{"ty":"gr","it":[{"ind":0,"ty":"sh","ix":1,"ks":{"a":0,"k":{"i":[[0,0],[0,0]],"o":[[0,0],[0,0]],"v":[[235.556,105.637],[235.556,3.137]],"c":false},"ix":2},"nm":"Path 1","mn":"ADBE Vector Shape - Group","hd":false},{"ty":"gs","o":{"a":0,"k":100,"ix":9},"w":{"a":0,"k":6.274,"ix":10},"g":{"p":5,"k":{"a":0,"k":[0,1,0,0.016,0.011,1,0,0.016,0.02,1,0,0.016,0.509,1,0,0.016,0.998,1,0,0.016,0,1,0.5,0.515,1,0.03],"ix":8}},"s":{"a":0,"k":[235.5,104.5],"ix":4},"e":{"a":1,"k":[{"i":{"x":0.667,"y":1},"o":{"x":0.333,"y":0},"t":46.953,"s":[235.5,105],"to":[0,0],"ti":[0,0]},{"t":65.9340026855469,"s":[235.5,4]}],"ix":5},"t":1,"lc":3,"lj":1,"ml":4,"ml2":{"a":0,"k":4,"ix":13},"bm":0,"nm":"Gradient Stroke 1","mn":"ADBE Vector Graphic - G-Stroke","hd":false},{"ty":"tr","p":{"a":0,"k":[0,0],"ix":2},"a":{"a":0,"k":[0,0],"ix":1},"s":{"a":0,"k":[100,100],"ix":3},"r":{"a":0,"k":0,"ix":6},"o":{"a":0,"k":100,"ix":7},"sk":{"a":0,"k":0,"ix":4},"sa":{"a":0,"k":0,"ix":5},"nm":"Transform"}],"nm":"Group 1","np":2,"cix":2,"bm":0,"ix":1,"mn":"ADBE Vector Group","hd":false},{"ty":"tm","s":{"a":0,"k":0,"ix":1},"e":{"a":1,"k":[{"i":{"x":[0.136],"y":[0.956]},"o":{"x":[0.662],"y":[0]},"t":49.95,"s":[0]},{"i":{"x":[0.074],"y":[1]},"o":{"x":[0.167],"y":[0]},"t":61.938,"s":[100]},{"i":{"x":[0],"y":[1]},"o":{"x":[0.167],"y":[0]},"t":149.85,"s":[100]},{"t":156.843006388346,"s":[0]}],"ix":2},"o":{"a":0,"k":0,"ix":3},"m":1,"ix":2,"nm":"Trim Paths 1","mn":"ADBE Vector Filter - Trim","hd":false}],"ip":45.9540018717448,"op":1154.84404703776,"st":-3.99600016276042,"bm":0},{"ddd":0,"ind":10,"ty":4,"nm":"CH2","sr":1,"ks":{"o":{"a":1,"k":[{"i":{"x":[0.229],"y":[1]},"o":{"x":[0.662],"y":[0]},"t":46.953,"s":[0]},{"t":52.9470021565755,"s":[100]}],"ix":11},"r":{"a":0,"k":0,"ix":10},"p":{"a":0,"k":[940.637,536.137,0],"ix":2,"l":2},"a":{"a":0,"k":[218.637,207.637,0],"ix":1,"l":2},"s":{"a":0,"k":[100,100,100],"ix":6,"l":2}},"ao":0,"shapes":[{"ty":"gr","it":[{"ind":0,"ty":"sh","ix":1,"ks":{"a":0,"k":{"i":[[0,0],[0,0]],"o":[[0,0],[0,0]],"v":[[434.137,204.139],[336.029,204.139]],"c":false},"ix":2},"nm":"Path 1","mn":"ADBE Vector Shape - Group","hd":false},{"ty":"gs","o":{"a":0,"k":100,"ix":9},"w":{"a":0,"k":6.274,"ix":10},"g":{"p":5,"k":{"a":0,"k":[0,1,0,0.016,0.011,1,0,0.016,0.02,1,0,0.016,0.509,1,0,0.016,0.998,1,0,0.016,0,1,0.5,0.515,1,0.03],"ix":8}},"s":{"a":0,"k":[337,204],"ix":4},"e":{"a":1,"k":[{"i":{"x":0.667,"y":1},"o":{"x":0.333,"y":0},"t":46.953,"s":[338,204.25],"to":[0,0],"ti":[0,0]},{"t":65.9340026855469,"s":[434.25,204.25]}],"ix":5},"t":1,"lc":3,"lj":1,"ml":4,"ml2":{"a":0,"k":4,"ix":13},"bm":0,"nm":"Gradient Stroke 1","mn":"ADBE Vector Graphic - G-Stroke","hd":false},{"ty":"tr","p":{"a":0,"k":[0,0],"ix":2},"a":{"a":0,"k":[0,0],"ix":1},"s":{"a":0,"k":[100,100],"ix":3},"r":{"a":0,"k":0,"ix":6},"o":{"a":0,"k":100,"ix":7},"sk":{"a":0,"k":0,"ix":4},"sa":{"a":0,"k":0,"ix":5},"nm":"Transform"}],"nm":"Group 1","np":2,"cix":2,"bm":0,"ix":1,"mn":"ADBE Vector Group","hd":false},{"ty":"tm","s":{"a":1,"k":[{"i":{"x":[0.444],"y":[1.028]},"o":{"x":[0.662],"y":[0]},"t":49.95,"s":[100]},{"i":{"x":[0.381],"y":[1]},"o":{"x":[0.167],"y":[0]},"t":61.938,"s":[0]},{"i":{"x":[0],"y":[1]},"o":{"x":[0.167],"y":[0]},"t":149.85,"s":[0]},{"t":156.843006388346,"s":[100]}],"ix":1},"e":{"a":0,"k":100,"ix":2},"o":{"a":0,"k":0,"ix":3},"m":1,"ix":2,"nm":"Trim Paths 1","mn":"ADBE Vector Filter - Trim","hd":false}],"ip":45.9540018717448,"op":1154.84404703776,"st":-3.99600016276042,"bm":0},{"ddd":0,"ind":11,"ty":4,"nm":"CH3","sr":1,"ks":{"o":{"a":1,"k":[{"i":{"x":[0.229],"y":[1]},"o":{"x":[0.662],"y":[0]},"t":46.953,"s":[0]},{"t":52.9470021565755,"s":[100]}],"ix":11},"r":{"a":0,"k":0,"ix":10},"p":{"a":0,"k":[943.762,536.887,0],"ix":2,"l":2},"a":{"a":0,"k":[218.637,207.637,0],"ix":1,"l":2},"s":{"a":0,"k":[100,100,100],"ix":6,"l":2}},"ao":0,"shapes":[{"ty":"gr","it":[{"ind":0,"ty":"sh","ix":1,"ks":{"a":0,"k":{"i":[[0,0],[0,0]],"o":[[0,0],[0,0]],"v":[[235.556,412.137],[235.556,302.034]],"c":false},"ix":2},"nm":"Path 1","mn":"ADBE Vector Shape - Group","hd":false},{"ty":"tm","s":{"a":1,"k":[{"i":{"x":[0.787],"y":[1.011]},"o":{"x":[0.662],"y":[0]},"t":49.95,"s":[100]},{"i":{"x":[0.725],"y":[1]},"o":{"x":[0.167],"y":[0]},"t":61.938,"s":[0]},{"i":{"x":[0],"y":[1]},"o":{"x":[0.167],"y":[0]},"t":149.85,"s":[0]},{"t":156.843006388346,"s":[100]}],"ix":1},"e":{"a":0,"k":100,"ix":2},"o":{"a":0,"k":0,"ix":3},"m":1,"ix":2,"nm":"Trim Paths 1","mn":"ADBE Vector Filter - Trim","hd":false},{"ty":"gs","o":{"a":0,"k":100,"ix":9},"w":{"a":0,"k":6.274,"ix":10},"g":{"p":5,"k":{"a":0,"k":[0,1,0,0.016,0.011,1,0,0.016,0.02,1,0,0.016,0.509,1,0,0.016,0.998,1,0,0.016,0,1,0.5,0.515,1,0.03],"ix":8}},"s":{"a":0,"k":[235,301.75],"ix":4},"e":{"a":1,"k":[{"i":{"x":0.667,"y":1},"o":{"x":0.333,"y":0},"t":46.953,"s":[235,302.5],"to":[0,0],"ti":[0,0]},{"t":65.9340026855469,"s":[235.5,411]}],"ix":5},"t":1,"lc":3,"lj":1,"ml":4,"ml2":{"a":0,"k":4,"ix":13},"bm":0,"nm":"Gradient Stroke 1","mn":"ADBE Vector Graphic - G-Stroke","hd":false},{"ty":"tr","p":{"a":0,"k":[0,0],"ix":2},"a":{"a":0,"k":[0,0],"ix":1},"s":{"a":0,"k":[100,100],"ix":3},"r":{"a":0,"k":0,"ix":6},"o":{"a":0,"k":100,"ix":7},"sk":{"a":0,"k":0,"ix":4},"sa":{"a":0,"k":0,"ix":5},"nm":"Transform"}],"nm":"Group 1","np":3,"cix":2,"bm":0,"ix":1,"mn":"ADBE Vector Group","hd":false}],"ip":45.9540018717448,"op":1154.84404703776,"st":-3.99600016276042,"bm":0},{"ddd":0,"ind":12,"ty":4,"nm":"CH4","sr":1,"ks":{"o":{"a":1,"k":[{"i":{"x":[0.35],"y":[0.967]},"o":{"x":[0.662],"y":[0]},"t":46.953,"s":[0]},{"t":58.9410024007161,"s":[100]}],"ix":11},"r":{"a":0,"k":0,"ix":10},"p":{"a":0,"k":[940.637,536.137,0],"ix":2,"l":2},"a":{"a":0,"k":[218.637,207.637,0],"ix":1,"l":2},"s":{"a":0,"k":[100,100,100],"ix":6,"l":2}},"ao":0,"shapes":[{"ty":"gr","it":[{"ind":0,"ty":"sh","ix":1,"ks":{"a":0,"k":{"i":[[0,0],[0,0]],"o":[[0,0],[0,0]],"v":[[3.137,204.139],[140.253,204.139]],"c":false},"ix":2},"nm":"Path 1","mn":"ADBE Vector Shape - Group","hd":false},{"ty":"gs","o":{"a":0,"k":100,"ix":9},"w":{"a":0,"k":6.274,"ix":10},"g":{"p":5,"k":{"a":0,"k":[0,1,0,0.016,0.011,1,0,0.016,0.02,1,0,0.016,0.509,1,0,0.016,0.998,1,0,0.016,0,1,0.5,0.515,1,0.03],"ix":8}},"s":{"a":0,"k":[141,204.25],"ix":4},"e":{"a":1,"k":[{"i":{"x":0.667,"y":1},"o":{"x":0.333,"y":0},"t":46.953,"s":[140.75,204.25],"to":[0,0],"ti":[0,0]},{"t":65.9340026855469,"s":[3.5,203.75]}],"ix":5},"t":1,"lc":3,"lj":1,"ml":4,"ml2":{"a":0,"k":4,"ix":13},"bm":0,"nm":"Gradient Stroke 1","mn":"ADBE Vector Graphic - G-Stroke","hd":false},{"ty":"tr","p":{"a":0,"k":[0,0],"ix":2},"a":{"a":0,"k":[0,0],"ix":1},"s":{"a":0,"k":[100,100],"ix":3},"r":{"a":0,"k":0,"ix":6},"o":{"a":0,"k":100,"ix":7},"sk":{"a":0,"k":0,"ix":4},"sa":{"a":0,"k":0,"ix":5},"nm":"Transform"}],"nm":"Group 1","np":2,"cix":2,"bm":0,"ix":1,"mn":"ADBE Vector Group","hd":false},{"ty":"tm","s":{"a":1,"k":[{"i":{"x":[0.444],"y":[1.028]},"o":{"x":[0.662],"y":[0]},"t":49.95,"s":[100]},{"i":{"x":[0.381],"y":[1]},"o":{"x":[0.167],"y":[0]},"t":61.938,"s":[0]},{"i":{"x":[0],"y":[1]},"o":{"x":[0.167],"y":[0]},"t":149.85,"s":[0]},{"t":156.843006388346,"s":[100]}],"ix":1},"e":{"a":0,"k":100,"ix":2},"o":{"a":0,"k":0,"ix":3},"m":1,"ix":2,"nm":"Trim Paths 1","mn":"ADBE Vector Filter - Trim","hd":false}],"ip":45.9540018717448,"op":1154.84404703776,"st":-3.99600016276042,"bm":0}]}],"layers":[{"ddd":0,"ind":4,"ty":0,"nm":"Exhaust Moblie","refId":"comp_0","sr":1,"ks":{"o":{"a":0,"k":100,"ix":11},"r":{"a":0,"k":0,"ix":10},"p":{"a":0,"k":[177.5,581.25,0],"ix":2,"l":2},"a":{"a":0,"k":[960,540,0],"ix":1,"l":2},"s":{"a":0,"k":[78,78,100],"ix":6,"l":2}},"ao":0,"w":1920,"h":1080,"ip":0,"op":169.000006883511,"st":0,"bm":0}],"markers":[]}