{"v":"5.6.3","fr":29.9700012207031,"ip":0,"op":92.0000037472368,"w":1099,"h":785,"nm":"screen03","ddd":0,"assets":[{"id":"image_0","w":129,"h":75,"u":"/images/","p":"image_0.png","e":0},{"id":"image_1","w":423,"h":521,"u":"/images/","p":"image_1.png","e":0},{"id":"image_2","w":423,"h":521,"u":"/images/","p":"image_2.png","e":0},{"id":"image_3","w":500,"h":598,"u":"/images/","p":"image_3.png","e":0},{"id":"image_4","w":580,"h":678,"u":"/images/","p":"image_4.png","e":0},{"id":"image_5","w":660,"h":758,"u":"/images/","p":"image_5.png","e":0},{"id":"image_6","w":1100,"h":743,"u":"/images/","p":"image_6.png","e":0}],"layers":[{"ddd":0,"ind":2,"ty":2,"nm":"Layer 16","refId":"image_0","sr":1,"ks":{"o":{"a":1,"k":[{"i":{"x":[0.833],"y":[0.833]},"o":{"x":[0.167],"y":[0.167]},"t":75,"s":[0],"e":[100]},{"i":{"x":[0.833],"y":[0.833]},"o":{"x":[0.167],"y":[0.167]},"t":77,"s":[100],"e":[100]},{"i":{"x":[0.833],"y":[0.833]},"o":{"x":[0.167],"y":[0.167]},"t":87,"s":[100],"e":[0]},{"t":91.000003706506}],"ix":11},"r":{"a":0,"k":0,"ix":10},"p":{"a":1,"k":[{"i":{"x":0.833,"y":0.833},"o":{"x":0.167,"y":0.167},"t":40,"s":[557.5,750,0],"e":[557.5,740,0],"to":[0,-1.667,0],"ti":[0,21.667,0]},{"i":{"x":0.833,"y":0.833},"o":{"x":0.167,"y":0.167},"t":42,"s":[557.5,740,0],"e":[557.5,620,0],"to":[0,-21.667,0],"ti":[0,46.667,0]},{"i":{"x":0.833,"y":0.833},"o":{"x":0.167,"y":0.167},"t":73,"s":[557.5,620,0],"e":[557.5,460,0],"to":[0,-46.667,0],"ti":[0,26.667,0]},{"t":91.000003706506}],"ix":2},"a":{"a":0,"k":[64.5,37.5,0],"ix":1},"s":{"a":0,"k":[100,100,100],"ix":6}},"ao":0,"ip":40.0000016292334,"op":92.0000037472368,"st":-2.00000008146167,"bm":0},{"ddd":0,"ind":3,"ty":2,"nm":"Layer 15","refId":"image_0","sr":1,"ks":{"o":{"a":1,"k":[{"i":{"x":[0.833],"y":[0.833]},"o":{"x":[0.167],"y":[0.167]},"t":66,"s":[0],"e":[100]},{"i":{"x":[0.833],"y":[0.833]},"o":{"x":[0.167],"y":[0.167]},"t":68,"s":[100],"e":[100]},{"i":{"x":[0.833],"y":[0.833]},"o":{"x":[0.167],"y":[0.167]},"t":78,"s":[100],"e":[0]},{"t":82.0000033399285}],"ix":11},"r":{"a":0,"k":0,"ix":10},"p":{"a":1,"k":[{"i":{"x":0.833,"y":0.833},"o":{"x":0.167,"y":0.167},"t":40,"s":[557.5,750,0],"e":[557.5,740,0],"to":[0,-1.667,0],"ti":[0,21.667,0]},{"i":{"x":0.833,"y":0.833},"o":{"x":0.167,"y":0.167},"t":42,"s":[557.5,740,0],"e":[557.5,620,0],"to":[0,-21.667,0],"ti":[0,46.667,0]},{"i":{"x":0.833,"y":0.833},"o":{"x":0.167,"y":0.167},"t":64,"s":[557.5,620,0],"e":[557.5,460,0],"to":[0,-46.667,0],"ti":[0,26.667,0]},{"t":82.0000033399285}],"ix":2},"a":{"a":0,"k":[64.5,37.5,0],"ix":1},"s":{"a":0,"k":[100,100,100],"ix":6}},"ao":0,"ip":40.0000016292334,"op":92.0000037472368,"st":-2.00000008146167,"bm":0},{"ddd":0,"ind":4,"ty":2,"nm":"Layer 14","refId":"image_0","sr":1,"ks":{"o":{"a":1,"k":[{"i":{"x":[0.833],"y":[0.833]},"o":{"x":[0.167],"y":[0.167]},"t":58,"s":[0],"e":[100]},{"i":{"x":[0.833],"y":[0.833]},"o":{"x":[0.167],"y":[0.167]},"t":60,"s":[100],"e":[100]},{"i":{"x":[0.833],"y":[0.833]},"o":{"x":[0.167],"y":[0.167]},"t":69,"s":[100],"e":[0]},{"t":73.000002973351}],"ix":11},"r":{"a":0,"k":0,"ix":10},"p":{"a":1,"k":[{"i":{"x":0.833,"y":0.833},"o":{"x":0.167,"y":0.167},"t":40,"s":[557.5,750,0],"e":[557.5,740,0],"to":[0,-1.667,0],"ti":[0,21.667,0]},{"i":{"x":0.833,"y":0.833},"o":{"x":0.167,"y":0.167},"t":42,"s":[557.5,740,0],"e":[557.5,620,0],"to":[0,-21.667,0],"ti":[0,46.667,0]},{"i":{"x":0.833,"y":0.833},"o":{"x":0.167,"y":0.167},"t":55,"s":[557.5,620,0],"e":[557.5,460,0],"to":[0,-46.667,0],"ti":[0,26.667,0]},{"t":73.000002973351}],"ix":2},"a":{"a":0,"k":[64.5,37.5,0],"ix":1},"s":{"a":0,"k":[100,100,100],"ix":6}},"ao":0,"ip":40.0000016292334,"op":92.0000037472368,"st":-2.00000008146167,"bm":0},{"ddd":0,"ind":5,"ty":2,"nm":"Layer 13","refId":"image_0","sr":1,"ks":{"o":{"a":1,"k":[{"i":{"x":[0.833],"y":[0.833]},"o":{"x":[0.167],"y":[0.167]},"t":49,"s":[0],"e":[100]},{"i":{"x":[0.833],"y":[0.833]},"o":{"x":[0.167],"y":[0.167]},"t":51,"s":[100],"e":[100]},{"i":{"x":[0.833],"y":[0.833]},"o":{"x":[0.167],"y":[0.167]},"t":60,"s":[100],"e":[0]},{"t":64.0000026067734}],"ix":11},"r":{"a":0,"k":0,"ix":10},"p":{"a":1,"k":[{"i":{"x":0.833,"y":0.833},"o":{"x":0.167,"y":0.167},"t":40,"s":[557.5,670,0],"e":[557.5,660,0],"to":[0,-1.667,0],"ti":[0,21.667,0]},{"i":{"x":0.833,"y":0.833},"o":{"x":0.167,"y":0.167},"t":42,"s":[557.5,660,0],"e":[557.5,540,0],"to":[0,-21.667,0],"ti":[0,33.333,0]},{"i":{"x":0.833,"y":0.833},"o":{"x":0.167,"y":0.167},"t":55,"s":[557.5,540,0],"e":[557.5,460,0],"to":[0,-33.333,0],"ti":[0,13.333,0]},{"t":64.0000026067734}],"ix":2},"a":{"a":0,"k":[64.5,37.5,0],"ix":1},"s":{"a":0,"k":[100,100,100],"ix":6}},"ao":0,"ip":40.0000016292334,"op":92.0000037472368,"st":-2.00000008146167,"bm":0},{"ddd":0,"ind":6,"ty":2,"nm":"Layer 12","refId":"image_0","sr":1,"ks":{"o":{"a":1,"k":[{"i":{"x":[0.833],"y":[0.833]},"o":{"x":[0.167],"y":[0.167]},"t":40,"s":[0],"e":[100]},{"i":{"x":[0.833],"y":[0.833]},"o":{"x":[0.167],"y":[0.167]},"t":42,"s":[100],"e":[100]},{"i":{"x":[0.833],"y":[0.833]},"o":{"x":[0.167],"y":[0.167]},"t":51,"s":[100],"e":[0]},{"t":55.0000022401959}],"ix":11},"r":{"a":0,"k":0,"ix":10},"p":{"a":1,"k":[{"i":{"x":0.833,"y":0.833},"o":{"x":0.167,"y":0.167},"t":40,"s":[557.5,590,0],"e":[557.5,580,0],"to":[0,-1.667,0],"ti":[0,21.667,0]},{"i":{"x":0.833,"y":0.833},"o":{"x":0.167,"y":0.167},"t":42,"s":[557.5,580,0],"e":[557.5,460,0],"to":[0,-21.667,0],"ti":[0,20,0]},{"t":55.0000022401959}],"ix":2},"a":{"a":0,"k":[64.5,37.5,0],"ix":1},"s":{"a":0,"k":[100,100,100],"ix":6}},"ao":0,"ip":40.0000016292334,"op":92.0000037472368,"st":-2.00000008146167,"bm":0},{"ddd":0,"ind":7,"ty":2,"nm":"Layer 11","td":1,"refId":"image_1","sr":1,"ks":{"o":{"a":0,"k":100,"ix":11},"r":{"a":0,"k":0,"ix":10},"p":{"a":0,"k":[557,379,0],"ix":2},"a":{"a":0,"k":[211.25,260.25,0],"ix":1},"s":{"a":0,"k":[100,100,100],"ix":6}},"ao":0,"ip":0,"op":92.0000037472368,"st":0,"bm":0},{"ddd":0,"ind":8,"ty":2,"nm":"Layer 4","tt":1,"refId":"image_2","sr":1,"ks":{"o":{"a":0,"k":100,"ix":11},"r":{"a":0,"k":0,"ix":10},"p":{"a":1,"k":[{"i":{"x":0.833,"y":0.833},"o":{"x":0.167,"y":0.167},"t":0,"s":[557,915,0],"e":[557,378,0],"to":[0,-89.5,0],"ti":[0,89.5,0]},{"t":45.0000018328876}],"ix":2},"a":{"a":0,"k":[211.25,260.25,0],"ix":1},"s":{"a":0,"k":[105,105,100],"ix":6}},"ao":0,"ip":0,"op":92.0000037472368,"st":0,"bm":0},{"ddd":0,"ind":9,"ty":2,"nm":"Layer 6","refId":"image_1","sr":1,"ks":{"o":{"a":0,"k":100,"ix":11},"r":{"a":0,"k":0,"ix":10},"p":{"a":0,"k":[557,379,0],"ix":2},"a":{"a":0,"k":[211.25,260.25,0],"ix":1},"s":{"a":0,"k":[100,100,100],"ix":6}},"ao":0,"ip":0,"op":92.0000037472368,"st":0,"bm":0},{"ddd":0,"ind":10,"ty":2,"nm":"Layer 7","refId":"image_3","sr":1,"ks":{"o":{"a":0,"k":100,"ix":11},"r":{"a":0,"k":0,"ix":10},"p":{"a":0,"k":[557,379,0],"ix":2},"a":{"a":0,"k":[250,299,0],"ix":1},"s":{"a":0,"k":[100,100,100],"ix":6}},"ao":0,"ip":0,"op":92.0000037472368,"st":0,"bm":0},{"ddd":0,"ind":11,"ty":2,"nm":"Layer 8","refId":"image_4","sr":1,"ks":{"o":{"a":0,"k":100,"ix":11},"r":{"a":0,"k":0,"ix":10},"p":{"a":0,"k":[557,379,0],"ix":2},"a":{"a":0,"k":[290,339,0],"ix":1},"s":{"a":0,"k":[100,100,100],"ix":6}},"ao":0,"ip":0,"op":92.0000037472368,"st":0,"bm":0},{"ddd":0,"ind":12,"ty":2,"nm":"Layer 9","refId":"image_5","sr":1,"ks":{"o":{"a":0,"k":100,"ix":11},"r":{"a":0,"k":0,"ix":10},"p":{"a":0,"k":[557,379,0],"ix":2},"a":{"a":0,"k":[330,379,0],"ix":1},"s":{"a":0,"k":[100,100,100],"ix":6}},"ao":0,"ip":0,"op":92.0000037472368,"st":0,"bm":0},{"ddd":0,"ind":13,"ty":2,"nm":"Layer 10","refId":"image_6","sr":1,"ks":{"o":{"a":0,"k":100,"ix":11},"r":{"a":0,"k":0,"ix":10},"p":{"a":1,"k":[{"i":{"x":0.833,"y":0.833},"o":{"x":0.167,"y":0.167},"t":0,"s":[549.5,413.984,0],"e":[549.5,394,0],"to":[0,-3.331,0],"ti":[0,0,0]},{"i":{"x":0.833,"y":0.833},"o":{"x":0.167,"y":0.167},"t":45,"s":[549.5,394,0],"e":[549.5,413.984,0],"to":[0,0,0],"ti":[0,-3.331,0]},{"t":92.0000037472368}],"ix":2},"a":{"a":0,"k":[549.75,371.376,0],"ix":1},"s":{"a":0,"k":[100,100,100],"ix":6}},"ao":0,"ip":0,"op":92.0000037472368,"st":0,"bm":0}],"markers":[]}