{"v":"5.8.1","fr":60,"ip":420,"op":450,"w":430,"h":430,"nm":"wired-outline-20-love-heart","ddd":0,"assets":[{"id":"comp_0","nm":"in-reveal","fr":60,"layers":[{"ddd":0,"ind":1,"ty":4,"nm":"Warstwa 4","sr":1,"ks":{"o":{"a":0,"k":100,"ix":11},"r":{"a":0,"k":0,"ix":10},"p":{"a":0,"k":[215,215,0],"ix":2,"l":2},"a":{"a":0,"k":[0,0,0],"ix":1,"l":2},"s":{"a":0,"k":[100,100,100],"ix":6,"l":2}},"ao":0,"shapes":[{"ty":"gr","it":[{"ind":0,"ty":"sh","ix":1,"ks":{"a":1,"k":[{"i":{"x":0.191,"y":1},"o":{"x":0.167,"y":0.167},"t":0,"s":[{"i":[[0,0],[0,7.175],[5.476,5.482],[6.1,0.686],[6.283,-6.289],[0,0],[0,0],[7.175,0],[5.482,-5.476],[-10.971,-10.959],[-4.796,-4.868],[-13.374,0.03],[-7.976,7.255]],"o":[[5.479,-5.479],[0,-7.187],[-4.676,-4.681],[-8.195,-0.922],[0,0],[0,0],[-5.479,-5.479],[-7.187,0],[-10.971,10.959],[0,0],[7.525,7.639],[13.434,-0.03],[6.587,-5.991]],"v":[[36.092,-6.48],[44.323,-26.321],[36.092,-46.173],[19.4,-54.224],[-3.6,-46.173],[-3.633,-46.139],[-3.668,-46.173],[-23.509,-54.404],[-43.36,-46.173],[-43.36,-6.48],[-31.704,4.868],[-3.336,20.038],[25.163,4.741]],"c":true}]},{"i":{"x":0.3,"y":1},"o":{"x":0.41,"y":0},"t":27,"s":[{"i":[[0,0],[0,29.82],[22.76,22.783],[25.351,2.852],[26.112,-26.136],[0,0],[0,0],[29.82,0],[22.783,-22.759],[-45.594,-45.547],[0,0],[0,0],[0,0]],"o":[[22.771,-22.771],[0,-29.867],[-19.435,-19.454],[-34.057,-3.831],[0,0],[0,0],[-22.771,-22.771],[-29.867,0],[-45.594,45.547],[0,0],[0,0],[0,0],[0,0]],"v":[[165.791,17.223],[200,-65.236],[165.791,-147.742],[96.417,-181.201],[0.831,-147.742],[0.691,-147.602],[0.548,-147.742],[-81.911,-181.951],[-164.413,-147.742],[-164.413,17.223],[-55.743,125.893],[0.691,182.327],[57.539,125.477]],"c":true}]},{"t":60,"s":[{"i":[[0,0],[0,26.18],[19.992,19.992],[22.257,2.503],[22.925,-22.946],[0,0],[0,0],[26.18,0],[19.992,-19.992],[-40.029,-39.988],[0,0],[0,0],[0,0]],"o":[[19.992,-19.992],[0,-26.222],[-17.063,-17.08],[-29.9,-3.363],[0,0],[0,0],[-19.992,-19.992],[-26.222,0],[-40.029,39.988],[0,0],[0,0],[0,0],[0,0]],"v":[[144.945,14.956],[174.979,-57.438],[144.945,-129.874],[84.038,-159.25],[0.119,-129.874],[-0.004,-129.752],[-0.13,-129.874],[-72.524,-159.908],[-144.956,-129.874],[-144.956,14.956],[-49.55,110.362],[-0.004,159.908],[49.905,109.997]],"c":true}]}],"ix":2},"nm":"Path 1","mn":"ADBE Vector Shape - Group","hd":false},{"ty":"st","c":{"a":0,"k":[0.776,0.612,0.957,1],"ix":3,"x":"var $bm_rt;\n$bm_rt = comp('wired-outline-20-love-heart').layer('control').effect('primary')('Color');"},"o":{"a":0,"k":100,"ix":4},"w":{"a":0,"k":6,"ix":5,"x":"var $bm_rt;\n$bm_rt = $bm_mul($bm_div(value, 1), comp('wired-outline-20-love-heart').layer('control').effect('stroke')('Menu'));"},"lc":2,"lj":2,"bm":0,"nm":".primary","mn":"ADBE Vector Graphic - Stroke","hd":false,"cl":"primary"},{"ty":"tr","p":{"a":0,"k":[0,0],"ix":2},"a":{"a":0,"k":[0,0],"ix":1},"s":{"a":0,"k":[100,100],"ix":3},"r":{"a":0,"k":0,"ix":6},"o":{"a":0,"k":100,"ix":7},"sk":{"a":0,"k":0,"ix":4},"sa":{"a":0,"k":0,"ix":5},"nm":"Transform"}],"nm":"Group 1","np":2,"cix":2,"bm":0,"ix":1,"mn":"ADBE Vector Group","hd":false}],"ip":1,"op":300,"st":0,"bm":0},{"ddd":0,"ind":2,"ty":4,"nm":"Warstwa 6","sr":1,"ks":{"o":{"a":0,"k":100,"ix":11},"r":{"a":0,"k":0,"ix":10},"p":{"a":0,"k":[215,215,0],"ix":2,"l":2},"a":{"a":0,"k":[0,0,0],"ix":1,"l":2},"s":{"a":0,"k":[100,100,100],"ix":6,"l":2}},"ao":0,"shapes":[{"ty":"gr","it":[{"ind":0,"ty":"sh","ix":1,"ks":{"a":1,"k":[{"i":{"x":0.191,"y":1},"o":{"x":0.167,"y":0.167},"t":0,"s":[{"i":[[0,0],[0,4.001],[3.053,3.057],[3.401,0.383],[3.503,-3.506],[0,0],[0,0],[4.001,0],[3.057,-3.053],[-6.117,-6.111],[-2.674,-2.714],[-7.457,0.017],[-4.447,4.045]],"o":[[3.055,-3.055],[0,-4.007],[-2.607,-2.61],[-4.569,-0.514],[0,0],[0,0],[-3.055,-3.055],[-4.007,0],[-6.117,6.111],[0,0],[4.196,4.259],[7.49,-0.017],[3.673,-3.341]],"v":[[17.91,-11.373],[22.5,-22.436],[17.91,-33.505],[8.603,-37.994],[-4.221,-33.505],[-4.24,-33.486],[-4.259,-33.505],[-15.322,-38.094],[-26.39,-33.505],[-26.39,-11.373],[-19.892,-5.045],[-4.074,3.413],[11.817,-5.116]],"c":true}]},{"i":{"x":0.3,"y":1},"o":{"x":0.41,"y":0},"t":27,"s":[{"i":[[0,0],[2.189,23.151],[9.838,9.848],[8.697,4.092],[10.958,1.233],[15.614,-7.736],[11.287,-11.297],[0,0],[0,0],[25.779,0],[19.696,-19.676],[-39.417,-39.375],[0,0]],"o":[[21.507,-21.507],[-2.189,-23.151],[-8.4,-8.41],[-8.697,-4.092],[-14.721,-1.656],[-15.614,7.736],[0,0],[0,0],[-19.686,-19.686],[-25.821,0],[-39.417,39.375],[0,0],[0,0]],"v":[[139.986,-1.829],[164.952,-72.552],[142.9,-125.787],[117.746,-144.175],[88.755,-151.798],[41.947,-141.221],[0.291,-111.213],[0.171,-111.092],[0.046,-111.213],[-77.069,-152.446],[-142.563,-125.787],[-137.316,-1.829],[0.171,140.904]],"c":true}]},{"t":60,"s":[{"i":[[0,0],[1.877,19.856],[8.438,8.447],[7.459,3.51],[9.398,1.057],[13.392,-6.635],[9.681,-9.689],[0,0],[0,0],[22.11,0],[16.893,-16.875],[-33.807,-33.771],[0,0]],"o":[[18.447,-18.447],[-1.877,-19.856],[-7.205,-7.212],[-7.459,-3.51],[-12.626,-1.421],[-13.392,6.635],[0,0],[0,0],[-16.884,-16.884],[-22.146,0],[-33.807,33.771],[0,0],[0,0]],"v":[[119.135,-3.58],[140.548,-64.238],[121.635,-109.896],[100.061,-125.667],[75.196,-132.205],[35.05,-123.133],[-0.678,-97.396],[-0.781,-97.292],[-0.888,-97.396],[-67.028,-133.073],[-123.888,-110.458],[-118.701,-3.58],[-0.781,118.84]],"c":true}]}],"ix":2},"nm":"Path 1","mn":"ADBE Vector Shape - Group","hd":false},{"ty":"st","c":{"a":0,"k":[0.31,0.063,0.569,1],"ix":3,"x":"var $bm_rt;\n$bm_rt = comp('wired-outline-20-love-heart').layer('control').effect('secondary')('Color');"},"o":{"a":0,"k":100,"ix":4},"w":{"a":0,"k":6,"ix":5,"x":"var $bm_rt;\n$bm_rt = $bm_mul($bm_div(value, 1), comp('wired-outline-20-love-heart').layer('control').effect('stroke')('Menu'));"},"lc":2,"lj":2,"bm":0,"nm":".secondary","mn":"ADBE Vector Graphic - Stroke","hd":false,"cl":"secondary"},{"ty":"tr","p":{"a":0,"k":[0,0],"ix":2},"a":{"a":0,"k":[0,0],"ix":1},"s":{"a":0,"k":[100,100],"ix":3},"r":{"a":0,"k":0,"ix":6},"o":{"a":0,"k":100,"ix":7},"sk":{"a":0,"k":0,"ix":4},"sa":{"a":0,"k":0,"ix":5},"nm":"Transform"}],"nm":"Group 1","np":2,"cix":2,"bm":0,"ix":1,"mn":"ADBE Vector Group","hd":false},{"ty":"tm","s":{"a":0,"k":35,"ix":1},"e":{"a":0,"k":51.5,"ix":2},"o":{"a":1,"k":[{"i":{"x":[0.08],"y":[1]},"o":{"x":[0.167],"y":[0.167]},"t":0,"s":[-165]},{"t":60,"s":[-360]}],"ix":3},"m":1,"ix":2,"nm":"Trim Paths 1","mn":"ADBE Vector Filter - Trim","hd":false}],"ip":1,"op":300,"st":0,"bm":0}]},{"id":"comp_1","nm":"hover-heartbeat","fr":60,"layers":[{"ddd":0,"ind":1,"ty":4,"nm":"Warstwa 6","parent":2,"sr":1,"ks":{"o":{"a":0,"k":100,"ix":11},"r":{"a":0,"k":0,"ix":10},"p":{"a":0,"k":[0,0,0],"ix":2,"l":2},"a":{"a":0,"k":[0,0,0],"ix":1,"l":2},"s":{"a":0,"k":[100,100,100],"ix":6,"l":2}},"ao":0,"shapes":[{"ty":"gr","it":[{"ind":0,"ty":"sh","ix":1,"ks":{"a":1,"k":[{"i":{"x":0.667,"y":1},"o":{"x":0.905,"y":0},"t":0,"s":[{"i":[[0,0],[16.876,16.893],[18.797,2.114],[19.361,-19.379],[0,0],[0,0],[22.11,0],[16.893,-16.875],[-33.807,-33.771],[0,0]],"o":[[36.893,-36.893],[-14.41,-14.425],[-25.252,-2.841],[0,0],[0,0],[-16.884,-16.884],[-22.146,0],[-33.807,33.771],[0,0],[0,0]],"v":[[119.135,-3.58],[121.635,-109.896],[75.196,-132.205],[-0.678,-97.396],[-0.781,-97.292],[-0.888,-97.396],[-67.028,-133.073],[-123.888,-110.458],[-118.701,-3.58],[-0.781,118.84]],"c":true}]},{"i":{"x":0.667,"y":1},"o":{"x":0.333,"y":0},"t":12.5,"s":[{"i":[[0,0],[10.296,10.306],[11.468,1.29],[11.812,-11.823],[0,0],[0,0],[13.489,0],[10.306,-10.295],[-20.625,-20.604],[0,0]],"o":[[22.508,-22.508],[-8.791,-8.8],[-15.406,-1.733],[0,0],[0,0],[-10.301,-10.301],[-13.511,0],[-20.625,20.604],[0,0],[0,0]],"v":[[72.492,-1.343],[74.017,-66.206],[45.686,-79.816],[-0.604,-58.579],[-0.667,-58.516],[-0.732,-58.579],[-41.084,-80.155],[-75.354,-66.206],[-72.609,-1.343],[-0.667,73.344]],"c":true}]},{"i":{"x":0.667,"y":1},"o":{"x":0.333,"y":0},"t":22.5,"s":[{"i":[[0,0],[19.676,19.696],[21.916,2.465],[22.574,-22.595],[0,0],[0,0],[25.779,0],[19.696,-19.676],[-39.417,-39.375],[0,0]],"o":[[43.014,-43.014],[-16.801,-16.819],[-29.443,-3.312],[0,0],[0,0],[-19.686,-19.686],[-25.821,0],[-39.417,39.375],[0,0],[0,0]],"v":[[139.986,-1.829],[142.9,-125.787],[88.755,-151.798],[0.291,-111.213],[0.171,-111.092],[0.046,-111.213],[-77.069,-152.446],[-142.563,-125.787],[-137.316,-1.829],[0.171,140.904]],"c":true}]},{"i":{"x":0,"y":1},"o":{"x":0.333,"y":0},"t":32.5,"s":[{"i":[[0,0],[10.296,10.306],[11.468,1.29],[11.812,-11.823],[0,0],[0,0],[13.489,0],[10.306,-10.295],[-20.625,-20.604],[0,0]],"o":[[22.508,-22.508],[-8.791,-8.8],[-15.406,-1.733],[0,0],[0,0],[-10.301,-10.301],[-13.511,0],[-20.625,20.604],[0,0],[0,0]],"v":[[72.492,-1.343],[74.017,-66.206],[45.686,-79.816],[-0.604,-58.579],[-0.667,-58.516],[-0.732,-58.579],[-41.084,-80.155],[-75.354,-66.206],[-72.609,-1.343],[-0.667,73.344]],"c":true}]},{"t":60,"s":[{"i":[[0,0],[16.876,16.893],[18.797,2.114],[19.361,-19.379],[0,0],[0,0],[22.11,0],[16.893,-16.875],[-33.807,-33.771],[0,0]],"o":[[36.893,-36.893],[-14.41,-14.425],[-25.252,-2.841],[0,0],[0,0],[-16.884,-16.884],[-22.146,0],[-33.807,33.771],[0,0],[0,0]],"v":[[119.135,-3.58],[121.635,-109.896],[75.196,-132.205],[-0.678,-97.396],[-0.781,-97.292],[-0.888,-97.396],[-67.028,-133.073],[-123.888,-110.458],[-118.701,-3.58],[-0.781,118.84]],"c":true}]}],"ix":2},"nm":"Path 1","mn":"ADBE Vector Shape - Group","hd":false},{"ty":"st","c":{"a":0,"k":[0.31,0.063,0.569,1],"ix":3,"x":"var $bm_rt;\n$bm_rt = comp('wired-outline-20-love-heart').layer('control').effect('secondary')('Color');"},"o":{"a":0,"k":100,"ix":4},"w":{"a":0,"k":6,"ix":5,"x":"var $bm_rt;\n$bm_rt = $bm_mul($bm_div(value, 1), comp('wired-outline-20-love-heart').layer('control').effect('stroke')('Menu'));"},"lc":2,"lj":2,"bm":0,"nm":".secondary","mn":"ADBE Vector Graphic - Stroke","hd":false,"cl":"secondary"},{"ty":"tr","p":{"a":0,"k":[0,0],"ix":2},"a":{"a":0,"k":[0,0],"ix":1},"s":{"a":0,"k":[100,100],"ix":3},"r":{"a":0,"k":0,"ix":6},"o":{"a":0,"k":100,"ix":7},"sk":{"a":0,"k":0,"ix":4},"sa":{"a":0,"k":0,"ix":5},"nm":"Transform"}],"nm":"Group 1","np":2,"cix":2,"bm":0,"ix":1,"mn":"ADBE Vector Group","hd":false},{"ty":"tm","s":{"a":0,"k":35,"ix":1},"e":{"a":0,"k":51.5,"ix":2},"o":{"a":1,"k":[{"i":{"x":[0.08],"y":[1]},"o":{"x":[0.34],"y":[0]},"t":0,"s":[0]},{"t":60,"s":[-360]}],"ix":3},"m":1,"ix":2,"nm":"Trim Paths 1","mn":"ADBE Vector Filter - Trim","hd":false}],"ip":0,"op":300,"st":0,"bm":0},{"ddd":0,"ind":2,"ty":4,"nm":"Warstwa 4","sr":1,"ks":{"o":{"a":0,"k":100,"ix":11},"r":{"a":0,"k":0,"ix":10},"p":{"a":0,"k":[215,215,0],"ix":2,"l":2},"a":{"a":0,"k":[0,0,0],"ix":1,"l":2},"s":{"a":0,"k":[100,100,100],"ix":6,"l":2}},"ao":0,"shapes":[{"ty":"gr","it":[{"ind":0,"ty":"sh","ix":1,"ks":{"a":1,"k":[{"i":{"x":0.667,"y":1},"o":{"x":0.905,"y":0},"t":0,"s":[{"i":[[0,0],[0,26.18],[19.992,19.992],[22.257,2.503],[22.925,-22.946],[0,0],[0,0],[26.18,0],[19.992,-19.992],[-40.029,-39.988],[0,0]],"o":[[19.992,-19.992],[0,-26.222],[-17.063,-17.08],[-29.9,-3.363],[0,0],[0,0],[-19.992,-19.992],[-26.222,0],[-40.029,39.988],[0,0],[0,0]],"v":[[144.945,14.956],[174.979,-57.438],[144.945,-129.874],[84.038,-159.25],[0.119,-129.874],[-0.004,-129.752],[-0.13,-129.874],[-72.524,-159.908],[-144.956,-129.874],[-144.956,14.956],[-0.004,159.908]],"c":true}]},{"i":{"x":0.667,"y":1},"o":{"x":0.333,"y":0},"t":12.5,"s":[{"i":[[0,0],[0,18.619],[14.211,14.226],[15.829,1.781],[16.304,-16.319],[0,0],[0,0],[18.619,0],[14.226,-14.211],[-28.469,-28.439],[0,0]],"o":[[14.218,-14.218],[0,-18.649],[-12.135,-12.147],[-21.265,-2.392],[0,0],[0,0],[-14.218,-14.218],[-18.649,0],[-28.469,28.439],[0,0],[0,0]],"v":[[101.64,10.246],[123,-41.241],[101.64,-92.758],[58.323,-113.65],[-1.361,-92.758],[-1.448,-92.671],[-1.537,-92.758],[-53.024,-114.118],[-104.538,-92.758],[-104.538,10.246],[-1.448,113.336]],"c":true}]},{"i":{"x":0.667,"y":1},"o":{"x":0.333,"y":0},"t":22.5,"s":[{"i":[[0,0],[0,29.82],[22.76,22.783],[25.351,2.852],[26.112,-26.136],[0,0],[0,0],[29.82,0],[22.783,-22.759],[-45.594,-45.547],[0,0]],"o":[[22.771,-22.771],[0,-29.867],[-19.435,-19.454],[-34.057,-3.831],[0,0],[0,0],[-22.771,-22.771],[-29.867,0],[-45.594,45.547],[0,0],[0,0]],"v":[[165.791,17.223],[200,-65.236],[165.791,-147.742],[96.417,-181.201],[0.831,-147.742],[0.691,-147.602],[0.548,-147.742],[-81.911,-181.951],[-164.413,-147.742],[-164.413,17.223],[0.691,182.327]],"c":true}]},{"i":{"x":0,"y":1},"o":{"x":0.333,"y":0},"t":32.5,"s":[{"i":[[0,0],[0,18.619],[14.211,14.226],[15.829,1.781],[16.304,-16.319],[0,0],[0,0],[18.619,0],[14.226,-14.211],[-28.469,-28.439],[0,0]],"o":[[14.218,-14.218],[0,-18.649],[-12.135,-12.147],[-21.265,-2.392],[0,0],[0,0],[-14.218,-14.218],[-18.649,0],[-28.469,28.439],[0,0],[0,0]],"v":[[101.64,10.246],[123,-41.241],[101.64,-92.758],[58.323,-113.65],[-1.361,-92.758],[-1.448,-92.671],[-1.537,-92.758],[-53.024,-114.118],[-104.538,-92.758],[-104.538,10.246],[-1.448,113.336]],"c":true}]},{"t":60,"s":[{"i":[[0,0],[0,26.18],[19.992,19.992],[22.257,2.503],[22.925,-22.946],[0,0],[0,0],[26.18,0],[19.992,-19.992],[-40.029,-39.988],[0,0]],"o":[[19.992,-19.992],[0,-26.222],[-17.063,-17.08],[-29.9,-3.363],[0,0],[0,0],[-19.992,-19.992],[-26.222,0],[-40.029,39.988],[0,0],[0,0]],"v":[[144.945,14.956],[174.979,-57.438],[144.945,-129.874],[84.038,-159.25],[0.119,-129.874],[-0.004,-129.752],[-0.13,-129.874],[-72.524,-159.908],[-144.956,-129.874],[-144.956,14.956],[-0.004,159.908]],"c":true}]}],"ix":2},"nm":"Path 1","mn":"ADBE Vector Shape - Group","hd":false},{"ty":"st","c":{"a":0,"k":[0.776,0.612,0.957,1],"ix":3,"x":"var $bm_rt;\n$bm_rt = comp('wired-outline-20-love-heart').layer('control').effect('primary')('Color');"},"o":{"a":0,"k":100,"ix":4},"w":{"a":0,"k":6,"ix":5,"x":"var $bm_rt;\n$bm_rt = $bm_mul($bm_div(value, 1), comp('wired-outline-20-love-heart').layer('control').effect('stroke')('Menu'));"},"lc":2,"lj":2,"bm":0,"nm":".primary","mn":"ADBE Vector Graphic - Stroke","hd":false,"cl":"primary"},{"ty":"tr","p":{"a":0,"k":[0,0],"ix":2},"a":{"a":0,"k":[0,0],"ix":1},"s":{"a":0,"k":[100,100],"ix":3},"r":{"a":0,"k":0,"ix":6},"o":{"a":0,"k":100,"ix":7},"sk":{"a":0,"k":0,"ix":4},"sa":{"a":0,"k":0,"ix":5},"nm":"Transform"}],"nm":"Group 1","np":2,"cix":2,"bm":0,"ix":1,"mn":"ADBE Vector Group","hd":false}],"ip":0,"op":300,"st":0,"bm":0}]},{"id":"comp_2","nm":"hover-heartbeat-alt","fr":60,"layers":[{"ddd":0,"ind":1,"ty":4,"nm":"Warstwa 6","parent":3,"sr":1,"ks":{"o":{"a":0,"k":100,"ix":11},"r":{"a":0,"k":0,"ix":10},"p":{"a":0,"k":[0,0,0],"ix":2,"l":2},"a":{"a":0,"k":[0,0,0],"ix":1,"l":2},"s":{"a":0,"k":[100,100,100],"ix":6,"l":2}},"ao":0,"shapes":[{"ty":"gr","it":[{"ind":0,"ty":"sh","ix":1,"ks":{"a":1,"k":[{"i":{"x":0.833,"y":0.833},"o":{"x":0.333,"y":0},"t":0,"s":[{"i":[[0,0],[16.876,16.893],[18.797,2.114],[19.361,-19.379],[0,0],[0,0],[22.11,0],[16.893,-16.875],[-33.807,-33.771],[0,0]],"o":[[36.893,-36.893],[-14.41,-14.425],[-25.252,-2.841],[0,0],[0,0],[-16.884,-16.884],[-22.146,0],[-33.807,33.771],[0,0],[0,0]],"v":[[119.135,-3.58],[121.635,-109.896],[75.196,-132.205],[-0.678,-97.396],[-0.781,-97.292],[-0.888,-97.396],[-67.028,-133.073],[-123.888,-110.458],[-118.701,-3.58],[-0.781,118.84]],"c":true}]},{"i":{"x":0.667,"y":1},"o":{"x":0.167,"y":0.167},"t":9,"s":[{"i":[[-16.751,9.377],[20.8,19.964],[21.342,-2.771],[24.507,-21.469],[0,0],[0,0],[25.919,9.228],[16.893,-16.875],[-36.352,-29.177],[-11.407,0]],"o":[[44.266,-34.248],[-14.65,-14.176],[-32.157,5.066],[0,0],[0,0],[-20.654,-18.855],[-20.672,-5.497],[-33.807,33.771],[18.889,10.769],[12.71,0]],"v":[[118.208,-4.739],[127.433,-114.07],[74.501,-134.292],[0.299,-79.539],[0.196,-79.436],[0.089,-79.539],[-67.028,-133.073],[-128.526,-113.473],[-118.237,-4.971],[-0.643,110.955]],"c":true}]},{"i":{"x":0.833,"y":0.833},"o":{"x":0.333,"y":0},"t":17,"s":[{"i":[[0,0],[15.145,15.161],[16.869,1.898],[25.452,0],[0,0],[0,0],[19.094,0],[14.588,-16.218],[-22.151,-33.992],[-56.658,0]],"o":[[25.081,-39.631],[-12.933,-12.946],[-22.663,-2.549],[0,0],[0,0],[-26.767,0],[-19.124,0],[-29.194,32.455],[0,0],[57.122,0]],"v":[[116.074,-1.851],[114.285,-98.995],[72.607,-119.017],[-0.413,-114.104],[-0.516,-114],[-0.623,-114.104],[-61.706,-121.566],[-110.809,-99.833],[-106.329,2.881],[-0.986,85.423]],"c":true}]},{"i":{"x":0.833,"y":0.833},"o":{"x":0.167,"y":0.167},"t":27,"s":[{"i":[[-16.751,9.377],[20.8,19.964],[21.342,-2.771],[24.507,-21.469],[0,0],[0,0],[25.919,9.228],[16.893,-16.875],[-36.352,-29.177],[-11.407,0]],"o":[[44.266,-34.248],[-14.65,-14.176],[-32.157,5.066],[0,0],[0,0],[-20.654,-18.855],[-20.672,-5.497],[-33.807,33.771],[18.889,10.769],[12.71,0]],"v":[[118.208,-4.739],[127.433,-114.07],[74.501,-134.292],[0.299,-79.539],[0.196,-79.436],[0.089,-79.539],[-67.028,-133.073],[-128.526,-113.473],[-118.237,-4.971],[-0.643,110.955]],"c":true}]},{"i":{"x":0.667,"y":1},"o":{"x":0.167,"y":0.167},"t":40,"s":[{"i":[[0,0],[16.01,16.027],[17.833,2.006],[22.407,-9.69],[0,0],[0,0],[20.602,0],[15.741,-16.547],[-27.979,-33.882],[-28.329,0]],"o":[[30.987,-38.262],[-13.671,-13.685],[-23.958,-2.695],[0,0],[0,0],[-21.826,-8.442],[-20.635,0],[-31.501,33.113],[0,0],[28.561,0]],"v":[[117.605,-2.715],[117.96,-104.445],[73.902,-125.611],[-0.545,-105.75],[-0.649,-105.646],[-0.755,-105.75],[-64.367,-127.32],[-117.348,-105.145],[-112.515,-0.349],[-0.883,102.132]],"c":true}]},{"t":60,"s":[{"i":[[0,0],[16.876,16.893],[18.797,2.114],[19.361,-19.379],[0,0],[0,0],[22.11,0],[16.893,-16.875],[-33.807,-33.771],[0,0]],"o":[[36.893,-36.893],[-14.41,-14.425],[-25.252,-2.841],[0,0],[0,0],[-16.884,-16.884],[-22.146,0],[-33.807,33.771],[0,0],[0,0]],"v":[[119.135,-3.58],[121.635,-109.896],[75.196,-132.205],[-0.678,-97.396],[-0.781,-97.292],[-0.888,-97.396],[-67.028,-133.073],[-123.888,-110.458],[-118.701,-3.58],[-0.781,118.84]],"c":true}]}],"ix":2},"nm":"Path 1","mn":"ADBE Vector Shape - Group","hd":false},{"ty":"st","c":{"a":0,"k":[0.31,0.063,0.569,1],"ix":3,"x":"var $bm_rt;\n$bm_rt = comp('wired-outline-20-love-heart').layer('control').effect('secondary')('Color');"},"o":{"a":0,"k":100,"ix":4},"w":{"a":1,"k":[{"i":{"x":[0.667],"y":[1]},"o":{"x":[1],"y":[0]},"t":0,"s":[6]},{"i":{"x":[0.667],"y":[1]},"o":{"x":[0.333],"y":[0]},"t":13,"s":[8.5]},{"i":{"x":[0.667],"y":[1]},"o":{"x":[0.333],"y":[0]},"t":23,"s":[5.5]},{"i":{"x":[0],"y":[1]},"o":{"x":[0.333],"y":[0]},"t":33,"s":[8.5]},{"t":60,"s":[6]}],"ix":5,"x":"var $bm_rt;\n$bm_rt = $bm_mul($bm_div(value, 1), comp('wired-outline-20-love-heart').layer('control').effect('stroke')('Menu'));"},"lc":2,"lj":2,"bm":0,"nm":".secondary","mn":"ADBE Vector Graphic - Stroke","hd":false,"cl":"secondary"},{"ty":"tm","s":{"a":0,"k":35,"ix":1},"e":{"a":0,"k":51.5,"ix":2},"o":{"a":1,"k":[{"i":{"x":[0.08],"y":[1]},"o":{"x":[0.34],"y":[0]},"t":0,"s":[0]},{"t":60,"s":[-360]}],"ix":3},"m":1,"ix":3,"nm":"Trim Paths 1","mn":"ADBE Vector Filter - Trim","hd":false},{"ty":"tr","p":{"a":0,"k":[0,0],"ix":2},"a":{"a":0,"k":[0,0],"ix":1},"s":{"a":0,"k":[100,100],"ix":3},"r":{"a":0,"k":0,"ix":6},"o":{"a":0,"k":100,"ix":7},"sk":{"a":0,"k":0,"ix":4},"sa":{"a":0,"k":0,"ix":5},"nm":"Transform"}],"nm":"Group 1","np":3,"cix":2,"bm":0,"ix":1,"mn":"ADBE Vector Group","hd":false}],"ip":0,"op":300,"st":0,"bm":0},{"ddd":0,"ind":2,"ty":3,"nm":"NULL","sr":1,"ks":{"o":{"a":0,"k":0,"ix":11},"r":{"a":0,"k":0,"ix":10},"p":{"a":0,"k":[215,215,0],"ix":2,"l":2},"a":{"a":0,"k":[50,50,0],"ix":1,"l":2},"s":{"a":1,"k":[{"i":{"x":[0.667,0.667,0.667],"y":[1,1,1]},"o":{"x":[0.333,0.333,0.333],"y":[0,0,0]},"t":0,"s":[100,100,100]},{"i":{"x":[0.667,0.667,0.667],"y":[1,1,1]},"o":{"x":[0.333,0.333,0.333],"y":[0,0,0]},"t":7,"s":[95,105,100]},{"i":{"x":[0.667,0.667,0.667],"y":[1,1,1]},"o":{"x":[0.333,0.333,0.333],"y":[0,0,0]},"t":17,"s":[108,93,100]},{"i":{"x":[0.667,0.667,0.667],"y":[1,1,1]},"o":{"x":[0.333,0.333,0.333],"y":[0,0,0]},"t":27,"s":[95,105,100]},{"i":{"x":[0.667,0.667,0.667],"y":[1,1,1]},"o":{"x":[0.333,0.333,0.333],"y":[0,0,0]},"t":44,"s":[102,98,100]},{"t":60,"s":[100,100,100]}],"ix":6,"l":2}},"ao":0,"ip":0,"op":300,"st":0,"bm":0},{"ddd":0,"ind":3,"ty":4,"nm":"Warstwa 5","parent":2,"sr":1,"ks":{"o":{"a":0,"k":100,"ix":11},"r":{"a":0,"k":0,"ix":10},"p":{"a":0,"k":[50,50,0],"ix":2,"l":2},"a":{"a":0,"k":[0,0,0],"ix":1,"l":2},"s":{"a":1,"k":[{"i":{"x":[0.667,0.667,0.667],"y":[1,1,1]},"o":{"x":[1,1,0.78],"y":[0,0,0]},"t":0,"s":[100,100,100]},{"i":{"x":[0.667,0.667,0.667],"y":[1,1,1]},"o":{"x":[0.333,0.333,0.333],"y":[0,0,0]},"t":13,"s":[72,72,100]},{"i":{"x":[0.667,0.667,0.667],"y":[1,1,1]},"o":{"x":[0.333,0.333,0.333],"y":[0,0,0]},"t":23,"s":[114,114,100]},{"i":{"x":[0,0,0.22],"y":[1,1,1]},"o":{"x":[0.333,0.333,0.333],"y":[0,0,0]},"t":33,"s":[72,72,100]},{"t":60,"s":[100,100,100]}],"ix":6,"l":2}},"ao":0,"shapes":[{"ty":"gr","it":[{"ind":0,"ty":"sh","ix":1,"ks":{"a":1,"k":[{"i":{"x":0.833,"y":0.833},"o":{"x":0.333,"y":0},"t":0,"s":[{"i":[[0,0],[0,26.18],[19.992,19.992],[22.257,2.503],[22.925,-22.946],[0,0],[0,0],[26.18,0],[19.992,-19.992],[-40.029,-39.988],[0,0]],"o":[[19.992,-19.992],[0,-26.222],[-17.063,-17.08],[-29.9,-3.363],[0,0],[0,0],[-19.992,-19.992],[-26.222,0],[-40.029,39.988],[0,0],[0,0]],"v":[[144.945,14.956],[174.979,-57.438],[144.945,-129.874],[84.038,-159.25],[0.119,-129.874],[-0.004,-129.752],[-0.13,-129.874],[-72.524,-159.908],[-144.956,-129.874],[-144.956,14.956],[-0.004,159.908]],"c":true}]},{"i":{"x":0.667,"y":1},"o":{"x":0.167,"y":0.167},"t":9,"s":[{"i":[[-26.122,18.345],[0,26.754],[20.426,20.435],[22.794,1.94],[19.347,-28.788],[0,0],[0,0],[26.18,0],[19.992,-19.992],[-42.565,-37.748],[-18.086,0]],"o":[[26.088,-21.791],[0,-26.797],[-17.437,-17.455],[-35.11,-2.828],[0,0],[0,0],[-17.165,-27.993],[-26.222,0],[-40.029,39.988],[33.084,24.838],[14.843,0]],"v":[[142.626,15.883],[181.869,-61.21],[151.177,-135.235],[88.934,-165.254],[0.117,-119.207],[-0.006,-119.085],[-0.132,-119.207],[-78.089,-165.474],[-150.522,-135.44],[-144.956,14.955],[-0.006,153.415]],"c":true}]},{"i":{"x":0.833,"y":0.833},"o":{"x":0.333,"y":0},"t":17,"s":[{"i":[[0,0],[0,24.955],[19.047,19.067],[21.215,2.386],[36.885,-0.91],[0,0],[0,0],[22.799,0],[17.42,-18.827],[-34.86,-37.675],[-61.2,0]],"o":[[19.057,-19.057],[0,-24.995],[-16.264,-16.281],[-28.502,-3.206],[0,0],[0,0],[-33.156,-3.791],[-22.836,0],[-34.86,37.675],[0,0],[61.201,0]],"v":[[138.412,18.313],[167.041,-50.695],[138.412,-119.742],[80.355,-147.743],[-0.011,-145.43],[-0.134,-145.308],[-0.26,-145.43],[-69.143,-149.797],[-132.221,-121.5],[-132.221,14.955],[-0.008,127.644]],"c":true}]},{"i":{"x":0.833,"y":0.833},"o":{"x":0.167,"y":0.167},"t":27,"s":[{"i":[[-26.122,18.345],[0,26.754],[20.426,20.435],[22.794,1.94],[19.347,-28.788],[0,0],[0,0],[26.18,0],[19.992,-19.992],[-42.565,-37.748],[-18.086,0]],"o":[[26.088,-21.791],[0,-26.797],[-17.437,-17.455],[-35.11,-2.828],[0,0],[0,0],[-17.165,-27.993],[-26.222,0],[-40.029,39.988],[33.084,24.838],[14.843,0]],"v":[[142.626,15.883],[181.869,-61.21],[151.177,-135.235],[88.934,-165.254],[0.117,-119.207],[-0.006,-119.085],[-0.132,-119.207],[-78.089,-165.474],[-150.522,-135.44],[-144.956,14.955],[-0.006,153.415]],"c":true}]},{"i":{"x":0.667,"y":1},"o":{"x":0.167,"y":0.167},"t":40,"s":[{"i":[[0,0],[0,26.18],[19.992,19.992],[22.257,2.503],[29.439,-12.663],[0,0],[0,0],[26.18,0],[19.992,-19.992],[-40.029,-39.988],[-28.56,0]],"o":[[19.992,-19.992],[0,-26.222],[-17.063,-17.08],[-29.9,-3.363],[0,0],[0,0],[-26.135,-12.431],[-26.222,0],[-40.029,39.988],[0,0],[28.56,0]],"v":[[144.945,14.956],[174.979,-57.438],[144.945,-129.874],[84.038,-159.25],[0.058,-137.134],[-0.065,-137.011],[-0.191,-137.134],[-72.524,-159.908],[-144.956,-129.874],[-144.956,14.956],[-0.006,144.851]],"c":true}]},{"t":60,"s":[{"i":[[0,0],[0,26.18],[19.992,19.992],[22.257,2.503],[22.925,-22.946],[0,0],[0,0],[26.18,0],[19.992,-19.992],[-40.029,-39.988],[0,0]],"o":[[19.992,-19.992],[0,-26.222],[-17.063,-17.08],[-29.9,-3.363],[0,0],[0,0],[-19.992,-19.992],[-26.222,0],[-40.029,39.988],[0,0],[0,0]],"v":[[144.945,14.956],[174.979,-57.438],[144.945,-129.874],[84.038,-159.25],[0.119,-129.874],[-0.004,-129.752],[-0.13,-129.874],[-72.524,-159.908],[-144.956,-129.874],[-144.956,14.956],[-0.004,159.908]],"c":true}]}],"ix":2},"nm":"Path 1","mn":"ADBE Vector Shape - Group","hd":false},{"ty":"st","c":{"a":0,"k":[0.776,0.612,0.957,1],"ix":3,"x":"var $bm_rt;\n$bm_rt = comp('wired-outline-20-love-heart').layer('control').effect('primary')('Color');"},"o":{"a":0,"k":100,"ix":4},"w":{"a":1,"k":[{"i":{"x":[0.667],"y":[1]},"o":{"x":[1],"y":[0]},"t":0,"s":[6]},{"i":{"x":[0.667],"y":[1]},"o":{"x":[0.333],"y":[0]},"t":13,"s":[8.5]},{"i":{"x":[0.667],"y":[1]},"o":{"x":[0.333],"y":[0]},"t":23,"s":[5.5]},{"i":{"x":[0],"y":[1]},"o":{"x":[0.333],"y":[0]},"t":33,"s":[8.5]},{"t":60,"s":[6]}],"ix":5,"x":"var $bm_rt;\n$bm_rt = $bm_mul($bm_div(value, 1), comp('wired-outline-20-love-heart').layer('control').effect('stroke')('Menu'));"},"lc":2,"lj":2,"bm":0,"nm":".primary","mn":"ADBE Vector Graphic - Stroke","hd":false,"cl":"primary"},{"ty":"tr","p":{"a":0,"k":[0,0],"ix":2},"a":{"a":0,"k":[0,0],"ix":1},"s":{"a":0,"k":[100,100],"ix":3},"r":{"a":0,"k":0,"ix":6},"o":{"a":0,"k":100,"ix":7},"sk":{"a":0,"k":0,"ix":4},"sa":{"a":0,"k":0,"ix":5},"nm":"Transform"}],"nm":"Group 1","np":2,"cix":2,"bm":0,"ix":1,"mn":"ADBE Vector Group","hd":false}],"ip":0,"op":300,"st":0,"bm":0}]},{"id":"comp_3","nm":"morph-cross","fr":60,"layers":[{"ddd":0,"ind":1,"ty":4,"nm":"Vector 3","sr":1,"ks":{"o":{"a":0,"k":100,"ix":11},"r":{"a":0,"k":0,"ix":10},"p":{"a":0,"k":[203.5,193.5,0],"ix":2,"l":2},"a":{"a":0,"k":[0,0,0],"ix":1,"l":2},"s":{"a":0,"k":[-100,100,100],"ix":6,"l":2}},"ao":0,"shapes":[{"ty":"gr","it":[{"ind":0,"ty":"sh","ix":1,"ks":{"a":1,"k":[{"i":{"x":0.46,"y":1},"o":{"x":0.167,"y":0.167},"t":0,"s":[{"i":[[0,0],[0,0]],"o":[[0,0],[0,0]],"v":[[171.875,-171.875],[173.375,-173.375]],"c":false}]},{"t":15,"s":[{"i":[[0,0],[0,0]],"o":[[0,0],[0,0]],"v":[[-144.5,144.5],[144.5,-144.5]],"c":false}]}],"ix":2},"nm":"Path 1","mn":"ADBE Vector Shape - Group","hd":false},{"ty":"st","c":{"a":0,"k":[0.31,0.063,0.569,1],"ix":3,"x":"var $bm_rt;\n$bm_rt = comp('wired-outline-20-love-heart').layer('control').effect('secondary')('Color');"},"o":{"a":0,"k":100,"ix":4},"w":{"a":0,"k":6,"ix":5,"x":"var $bm_rt;\n$bm_rt = $bm_mul($bm_div(value, 1), comp('wired-outline-20-love-heart').layer('control').effect('stroke')('Menu'));"},"lc":2,"lj":2,"bm":0,"nm":".secondary","mn":"ADBE Vector Graphic - Stroke","hd":false,"cl":"secondary"},{"ty":"tr","p":{"a":0,"k":[0,0],"ix":2},"a":{"a":0,"k":[0,0],"ix":1},"s":{"a":0,"k":[100,100],"ix":3},"r":{"a":0,"k":0,"ix":6},"o":{"a":0,"k":100,"ix":7},"sk":{"a":0,"k":0,"ix":4},"sa":{"a":0,"k":0,"ix":5},"nm":"Transform"}],"nm":"Vector","np":2,"cix":2,"bm":0,"ix":1,"mn":"ADBE Vector Group","hd":false}],"ip":1,"op":900,"st":0,"bm":0},{"ddd":0,"ind":2,"ty":4,"nm":"Vector 2","td":1,"sr":1,"ks":{"o":{"a":0,"k":100,"ix":11},"r":{"a":0,"k":0,"ix":10},"p":{"a":0,"k":[208,182.5,0],"ix":2,"l":2},"a":{"a":0,"k":[0,0,0],"ix":1,"l":2},"s":{"a":0,"k":[-100,100,100],"ix":6,"l":2}},"ao":0,"shapes":[{"ty":"gr","it":[{"ind":0,"ty":"sh","ix":1,"ks":{"a":1,"k":[{"i":{"x":0.46,"y":1},"o":{"x":0.167,"y":0.167},"t":0,"s":[{"i":[[0,0],[0,0]],"o":[[0,0],[0,0]],"v":[[167.25,-166.75],[167.5,-168]],"c":false}]},{"t":15,"s":[{"i":[[0,0],[0,0]],"o":[[0,0],[0,0]],"v":[[-144,144.5],[144,-144.5]],"c":false}]}],"ix":2},"nm":"Path 1","mn":"ADBE Vector Shape - Group","hd":false},{"ty":"st","c":{"a":0,"k":[1,1,1,1],"ix":3},"o":{"a":0,"k":100,"ix":4},"w":{"a":0,"k":6,"ix":5,"x":"var $bm_rt;\n$bm_rt = $bm_mul($bm_div(value, 1), comp('wired-outline-20-love-heart').layer('control').effect('stroke')('Menu'));"},"lc":2,"lj":2,"bm":0,"nm":"Stroke 1","mn":"ADBE Vector Graphic - Stroke","hd":false},{"ty":"tr","p":{"a":0,"k":[0,0],"ix":2},"a":{"a":0,"k":[0,0],"ix":1},"s":{"a":0,"k":[100,100],"ix":3},"r":{"a":0,"k":0,"ix":6},"o":{"a":0,"k":100,"ix":7},"sk":{"a":0,"k":0,"ix":4},"sa":{"a":0,"k":0,"ix":5},"nm":"Transform"}],"nm":"Vector","np":2,"cix":2,"bm":0,"ix":1,"mn":"ADBE Vector Group","hd":false}],"ip":1,"op":900,"st":0,"bm":0},{"ddd":0,"ind":3,"ty":4,"nm":"mask","tt":2,"sr":1,"ks":{"o":{"a":0,"k":100,"ix":11},"r":{"a":0,"k":0,"ix":10},"p":{"a":0,"k":[215,215,0],"ix":2,"l":2},"a":{"a":0,"k":[0,0,0],"ix":1,"l":2},"s":{"a":1,"k":[{"i":{"x":[0.667,0.667,0.667],"y":[1,1,1]},"o":{"x":[0.333,0.333,0.333],"y":[0,0,0]},"t":0,"s":[100,100,100]},{"i":{"x":[0.667,0.667,0.667],"y":[1,1,1]},"o":{"x":[0.333,0.333,0.333],"y":[0,0,0]},"t":8,"s":[90,90,100]},{"t":15,"s":[100,100,100]}],"ix":6,"l":2}},"ao":0,"shapes":[{"ty":"gr","it":[{"ind":0,"ty":"sh","ix":1,"ks":{"a":1,"k":[{"i":{"x":0.833,"y":0.833},"o":{"x":0.167,"y":0.167},"t":0,"s":[{"i":[[0,0],[0,26.18],[19.992,19.992],[22.257,2.503],[22.925,-22.946],[0,0],[0,0],[26.18,0],[19.992,-19.992],[-40.029,-39.988],[0,0]],"o":[[19.992,-19.992],[0,-26.222],[-17.063,-17.08],[-29.9,-3.363],[0,0],[0,0],[-19.992,-19.992],[-26.222,0],[-40.029,39.988],[0,0],[0,0]],"v":[[144.945,14.956],[174.979,-57.438],[144.945,-129.874],[84.038,-159.25],[0.119,-129.874],[-0.004,-129.752],[-0.13,-129.874],[-72.524,-159.908],[-144.956,-129.874],[-144.956,14.956],[-0.004,159.908]],"c":true}]},{"t":15,"s":[{"i":[[0,0],[0,23.215],[17.719,17.737],[19.736,2.22],[20.329,-20.348],[0,0],[0,0],[23.215,0],[17.737,-17.719],[-35.497,-35.459],[0,0]],"o":[[17.728,-17.728],[0,-23.253],[-15.13,-15.146],[-26.515,-2.983],[0,0],[0,0],[-17.728,-17.728],[-23.253,0],[-35.497,35.459],[0,0],[0,0]],"v":[[128.917,13.962],[155.55,-50.235],[128.917,-114.468],[74.907,-140.517],[0.49,-114.468],[0.382,-114.36],[0.27,-114.468],[-63.926,-141.101],[-128.157,-114.468],[-128.157,13.962],[0.382,142.5]],"c":true}]}],"ix":2},"nm":"Path 1","mn":"ADBE Vector Shape - Group","hd":false},{"ty":"st","c":{"a":0,"k":[0.070588238537,0.074509806931,0.192156866193,1],"ix":3},"o":{"a":0,"k":100,"ix":4},"w":{"a":0,"k":6,"ix":5,"x":"var $bm_rt;\n$bm_rt = $bm_mul($bm_div(value, 1), comp('wired-outline-20-love-heart').layer('control').effect('stroke')('Menu'));"},"lc":2,"lj":2,"bm":0,"nm":"Stroke 1","mn":"ADBE Vector Graphic - Stroke","hd":false},{"ty":"tr","p":{"a":0,"k":[0,0],"ix":2},"a":{"a":0,"k":[0,0],"ix":1},"s":{"a":0,"k":[100,100],"ix":3},"r":{"a":0,"k":0,"ix":6},"o":{"a":0,"k":100,"ix":7},"sk":{"a":0,"k":0,"ix":4},"sa":{"a":0,"k":0,"ix":5},"nm":"Transform"}],"nm":"Group 1","np":2,"cix":2,"bm":0,"ix":1,"mn":"ADBE Vector Group","hd":false}],"ip":0,"op":88,"st":0,"bm":0},{"ddd":0,"ind":4,"ty":4,"nm":"outline","td":1,"sr":1,"ks":{"o":{"a":0,"k":100,"ix":11},"r":{"a":0,"k":0,"ix":10},"p":{"a":0,"k":[208,182.5,0],"ix":2,"l":2},"a":{"a":0,"k":[0,0,0],"ix":1,"l":2},"s":{"a":0,"k":[-100,100,100],"ix":6,"l":2}},"ao":0,"shapes":[{"ty":"gr","it":[{"ind":0,"ty":"sh","ix":1,"ks":{"a":1,"k":[{"i":{"x":0.46,"y":1},"o":{"x":0.167,"y":0.167},"t":0,"s":[{"i":[[0,0],[0,0]],"o":[[0,0],[0,0]],"v":[[167.25,-166.75],[167.5,-168]],"c":false}]},{"t":15,"s":[{"i":[[0,0],[0,0]],"o":[[0,0],[0,0]],"v":[[-144,144.5],[144,-144.5]],"c":false}]}],"ix":2},"nm":"Path 1","mn":"ADBE Vector Shape - Group","hd":false},{"ty":"st","c":{"a":0,"k":[1,1,1,1],"ix":3},"o":{"a":0,"k":100,"ix":4},"w":{"a":0,"k":6,"ix":5,"x":"var $bm_rt;\n$bm_rt = $bm_mul($bm_div(value, 1), comp('wired-outline-20-love-heart').layer('control').effect('stroke')('Menu'));"},"lc":2,"lj":2,"bm":0,"nm":"Stroke 1","mn":"ADBE Vector Graphic - Stroke","hd":false},{"ty":"tr","p":{"a":0,"k":[0,0],"ix":2},"a":{"a":0,"k":[0,0],"ix":1},"s":{"a":0,"k":[100,100],"ix":3},"r":{"a":0,"k":0,"ix":6},"o":{"a":0,"k":100,"ix":7},"sk":{"a":0,"k":0,"ix":4},"sa":{"a":0,"k":0,"ix":5},"nm":"Transform"}],"nm":"Vector","np":2,"cix":2,"bm":0,"ix":1,"mn":"ADBE Vector Group","hd":false}],"ip":1,"op":900,"st":0,"bm":0},{"ddd":0,"ind":5,"ty":4,"nm":"Warstwa 6","parent":3,"tt":2,"sr":1,"ks":{"o":{"a":0,"k":100,"ix":11},"r":{"a":0,"k":0,"ix":10},"p":{"a":0,"k":[0,0,0],"ix":2,"l":2},"a":{"a":0,"k":[0,0,0],"ix":1,"l":2},"s":{"a":0,"k":[100,100,100],"ix":6,"l":2}},"ao":0,"shapes":[{"ty":"gr","it":[{"ind":0,"ty":"sh","ix":1,"ks":{"a":0,"k":{"i":[[0,0],[16.876,16.893],[18.797,2.114],[19.361,-19.379],[0,0],[0,0],[22.11,0],[16.893,-16.875],[-33.807,-33.771],[0,0]],"o":[[36.893,-36.893],[-14.41,-14.425],[-25.252,-2.841],[0,0],[0,0],[-16.884,-16.884],[-22.146,0],[-33.807,33.771],[0,0],[0,0]],"v":[[119.135,-3.58],[121.635,-109.896],[75.196,-132.205],[-0.678,-97.396],[-0.781,-97.292],[-0.888,-97.396],[-67.028,-133.073],[-123.888,-110.458],[-118.701,-3.58],[-0.781,118.84]],"c":true},"ix":2},"nm":"Path 1","mn":"ADBE Vector Shape - Group","hd":false},{"ty":"st","c":{"a":0,"k":[0.31,0.063,0.569,1],"ix":3,"x":"var $bm_rt;\n$bm_rt = comp('wired-outline-20-love-heart').layer('control').effect('secondary')('Color');"},"o":{"a":0,"k":100,"ix":4},"w":{"a":0,"k":6,"ix":5,"x":"var $bm_rt;\n$bm_rt = $bm_mul($bm_div(value, 1), comp('wired-outline-20-love-heart').layer('control').effect('stroke')('Menu'));"},"lc":2,"lj":2,"bm":0,"nm":".secondary","mn":"ADBE Vector Graphic - Stroke","hd":false,"cl":"secondary"},{"ty":"tr","p":{"a":0,"k":[0,0],"ix":2},"a":{"a":0,"k":[0,0],"ix":1},"s":{"a":0,"k":[100,100],"ix":3},"r":{"a":0,"k":0,"ix":6},"o":{"a":0,"k":100,"ix":7},"sk":{"a":0,"k":0,"ix":4},"sa":{"a":0,"k":0,"ix":5},"nm":"Transform"}],"nm":"Group 1","np":2,"cix":2,"bm":0,"ix":1,"mn":"ADBE Vector Group","hd":false},{"ty":"tm","s":{"a":1,"k":[{"i":{"x":[0.833],"y":[0.833]},"o":{"x":[0.78],"y":[0]},"t":0,"s":[35]},{"t":12,"s":[69]}],"ix":1},"e":{"a":1,"k":[{"i":{"x":[0.833],"y":[0.833]},"o":{"x":[0.78],"y":[0]},"t":0,"s":[51.5]},{"t":12,"s":[79.5]}],"ix":2},"o":{"a":0,"k":0,"ix":3},"m":1,"ix":2,"nm":"Trim Paths 1","mn":"ADBE Vector Filter - Trim","hd":false}],"ip":0,"op":13,"st":0,"bm":0}]},{"id":"comp_4","nm":"hover-cross","fr":60,"layers":[{"ddd":0,"ind":1,"ty":4,"nm":"Vector 3","sr":1,"ks":{"o":{"a":0,"k":100,"ix":11},"r":{"a":0,"k":0,"ix":10},"p":{"a":1,"k":[{"i":{"x":0.204,"y":1},"o":{"x":0.333,"y":0},"t":0,"s":[203.5,193.5,0],"to":[0,0,0],"ti":[0,0,0]},{"i":{"x":0.667,"y":1},"o":{"x":0.333,"y":0},"t":9,"s":[160,150,0],"to":[0,0,0],"ti":[0,0,0]},{"i":{"x":0.667,"y":1},"o":{"x":0.333,"y":0},"t":19,"s":[220.5,210.5,0],"to":[0,0,0],"ti":[0,0,0]},{"t":30,"s":[203.5,193.5,0]}],"ix":2,"l":2},"a":{"a":0,"k":[0,0,0],"ix":1,"l":2},"s":{"a":0,"k":[-100,100,100],"ix":6,"l":2}},"ao":0,"shapes":[{"ty":"gr","it":[{"ind":0,"ty":"sh","ix":1,"ks":{"a":0,"k":{"i":[[0,0],[0,0]],"o":[[0,0],[0,0]],"v":[[-144.5,144.5],[144.5,-144.5]],"c":false},"ix":2},"nm":"Path 1","mn":"ADBE Vector Shape - Group","hd":false},{"ty":"st","c":{"a":0,"k":[0.31,0.063,0.569,1],"ix":3,"x":"var $bm_rt;\n$bm_rt = comp('wired-outline-20-love-heart').layer('control').effect('secondary')('Color');"},"o":{"a":0,"k":100,"ix":4},"w":{"a":0,"k":6,"ix":5,"x":"var $bm_rt;\n$bm_rt = $bm_mul($bm_div(value, 1), comp('wired-outline-20-love-heart').layer('control').effect('stroke')('Menu'));"},"lc":2,"lj":2,"bm":0,"nm":".secondary","mn":"ADBE Vector Graphic - Stroke","hd":false,"cl":"secondary"},{"ty":"tr","p":{"a":0,"k":[0,0],"ix":2},"a":{"a":0,"k":[0,0],"ix":1},"s":{"a":0,"k":[100,100],"ix":3},"r":{"a":0,"k":0,"ix":6},"o":{"a":0,"k":100,"ix":7},"sk":{"a":0,"k":0,"ix":4},"sa":{"a":0,"k":0,"ix":5},"nm":"Transform"}],"nm":"Vector","np":2,"cix":2,"bm":0,"ix":1,"mn":"ADBE Vector Group","hd":false}],"ip":0,"op":899,"st":-1,"bm":0},{"ddd":0,"ind":2,"ty":4,"nm":"Vector 2","parent":1,"td":1,"sr":1,"ks":{"o":{"a":0,"k":100,"ix":11},"r":{"a":0,"k":0,"ix":10},"p":{"a":0,"k":[-4.5,-11,0],"ix":2,"l":2},"a":{"a":0,"k":[0,0,0],"ix":1,"l":2},"s":{"a":0,"k":[100,100,100],"ix":6,"l":2}},"ao":0,"shapes":[{"ty":"gr","it":[{"ind":0,"ty":"sh","ix":1,"ks":{"a":0,"k":{"i":[[0,0],[0,0]],"o":[[0,0],[0,0]],"v":[[-144,144.5],[144,-144.5]],"c":false},"ix":2},"nm":"Path 1","mn":"ADBE Vector Shape - Group","hd":false},{"ty":"st","c":{"a":0,"k":[1,1,1,1],"ix":3},"o":{"a":0,"k":100,"ix":4},"w":{"a":0,"k":6,"ix":5,"x":"var $bm_rt;\n$bm_rt = $bm_mul($bm_div(value, 1), comp('wired-outline-20-love-heart').layer('control').effect('stroke')('Menu'));"},"lc":2,"lj":2,"bm":0,"nm":"Stroke 1","mn":"ADBE Vector Graphic - Stroke","hd":false},{"ty":"tr","p":{"a":0,"k":[0,0],"ix":2},"a":{"a":0,"k":[0,0],"ix":1},"s":{"a":0,"k":[100,100],"ix":3},"r":{"a":0,"k":0,"ix":6},"o":{"a":0,"k":100,"ix":7},"sk":{"a":0,"k":0,"ix":4},"sa":{"a":0,"k":0,"ix":5},"nm":"Transform"}],"nm":"Vector","np":2,"cix":2,"bm":0,"ix":1,"mn":"ADBE Vector Group","hd":false}],"ip":0,"op":899,"st":-1,"bm":0},{"ddd":0,"ind":3,"ty":4,"nm":"outline","tt":2,"sr":1,"ks":{"o":{"a":0,"k":100,"ix":11},"r":{"a":0,"k":0,"ix":10},"p":{"a":0,"k":[215,215,0],"ix":2,"l":2},"a":{"a":0,"k":[0,0,0],"ix":1,"l":2},"s":{"a":1,"k":[{"i":{"x":[0.667,0.667,0.667],"y":[1,1,1]},"o":{"x":[0.333,0.333,0.333],"y":[0,0,0]},"t":0,"s":[100,100,100]},{"i":{"x":[0.667,0.667,0.667],"y":[1,1,1]},"o":{"x":[0.333,0.333,0.333],"y":[0,0,0]},"t":8.77,"s":[90,90,100]},{"i":{"x":[0.667,0.667,0.667],"y":[1,1,1]},"o":{"x":[0.333,0.333,0.333],"y":[0,0,0]},"t":19,"s":[104,104,100]},{"t":30,"s":[100,100,100]}],"ix":6,"l":2}},"ao":0,"shapes":[{"ty":"gr","it":[{"ind":0,"ty":"sh","ix":1,"ks":{"a":0,"k":{"i":[[0,0],[0,23.215],[17.719,17.737],[19.736,2.22],[20.329,-20.348],[0,0],[0,0],[23.215,0],[17.737,-17.719],[-35.497,-35.459],[0,0]],"o":[[17.728,-17.728],[0,-23.253],[-15.13,-15.146],[-26.515,-2.983],[0,0],[0,0],[-17.728,-17.728],[-23.253,0],[-35.497,35.459],[0,0],[0,0]],"v":[[128.917,13.962],[155.55,-50.235],[128.917,-114.468],[74.907,-140.517],[0.49,-114.468],[0.382,-114.36],[0.27,-114.468],[-63.926,-141.101],[-128.157,-114.468],[-128.157,13.962],[0.382,142.5]],"c":true},"ix":2},"nm":"Path 1","mn":"ADBE Vector Shape - Group","hd":false},{"ty":"st","c":{"a":0,"k":[0.776,0.612,0.957,1],"ix":3,"x":"var $bm_rt;\n$bm_rt = comp('wired-outline-20-love-heart').layer('control').effect('primary')('Color');"},"o":{"a":0,"k":100,"ix":4},"w":{"a":0,"k":6,"ix":5,"x":"var $bm_rt;\n$bm_rt = $bm_mul($bm_div(value, 1), comp('wired-outline-20-love-heart').layer('control').effect('stroke')('Menu'));"},"lc":2,"lj":2,"bm":0,"nm":".primary","mn":"ADBE Vector Graphic - Stroke","hd":false,"cl":"primary"},{"ty":"tr","p":{"a":0,"k":[0,0],"ix":2},"a":{"a":0,"k":[0,0],"ix":1},"s":{"a":0,"k":[100,100],"ix":3},"r":{"a":0,"k":0,"ix":6},"o":{"a":0,"k":100,"ix":7},"sk":{"a":0,"k":0,"ix":4},"sa":{"a":0,"k":0,"ix":5},"nm":"Transform"}],"nm":"Group 1","np":2,"cix":2,"bm":0,"ix":1,"mn":"ADBE Vector Group","hd":false}],"ip":0,"op":88,"st":0,"bm":0}]},{"id":"comp_5","nm":"morph-glitter","fr":60,"layers":[{"ddd":0,"ind":1,"ty":4,"nm":"Vector 3","sr":1,"ks":{"o":{"a":0,"k":100,"ix":11},"r":{"a":0,"k":0,"ix":10},"p":{"a":0,"k":[97.5,98,0],"ix":2,"l":2},"a":{"a":0,"k":[0,0,0],"ix":1,"l":2},"s":{"a":0,"k":[100,100,100],"ix":6,"l":2}},"ao":0,"shapes":[{"ty":"gr","it":[{"ind":0,"ty":"sh","ix":1,"ks":{"a":1,"k":[{"i":{"x":0.833,"y":0.833},"o":{"x":0.167,"y":0.167},"t":10,"s":[{"i":[[0,0],[0,0],[0,0],[0,0],[0,0],[0,0],[0,0],[0,0]],"o":[[0,0],[0,0],[0,0],[0,0],[0,0],[0,0],[0,0],[0,0]],"v":[[0.507,0],[0.166,-0.156],[0.001,-0.5],[-0.165,-0.156],[-0.507,0],[-0.165,0.156],[0.001,0.5],[0.166,0.156]],"c":true}]},{"i":{"x":0.667,"y":1},"o":{"x":0.167,"y":0.167},"t":20,"s":[{"i":[[0,0],[0,0],[0,0],[0,0],[0,0],[0,0],[0,0],[0,0]],"o":[[0,0],[0,0],[0,0],[0,0],[0,0],[0,0],[0,0],[0,0]],"v":[[31.188,0],[5.343,-4.988],[0.046,-30.761],[-5.25,-4.988],[-31.188,0],[-5.25,4.988],[0.046,30.761],[5.343,4.988]],"c":true}]},{"t":30,"s":[{"i":[[0,0],[0,0],[0,0],[0,0],[0,0],[0,0],[0,0],[0,0]],"o":[[0,0],[0,0],[0,0],[0,0],[0,0],[0,0],[0,0],[0,0]],"v":[[48.667,0],[15.981,-14.982],[0.072,-48],[-15.837,-14.982],[-48.667,0],[-15.837,14.982],[0.072,48],[15.981,14.982]],"c":true}]}],"ix":2},"nm":"Path 1","mn":"ADBE Vector Shape - Group","hd":false},{"ty":"st","c":{"a":0,"k":[0.31,0.063,0.569,1],"ix":3,"x":"var $bm_rt;\n$bm_rt = comp('wired-outline-20-love-heart').layer('control').effect('secondary')('Color');"},"o":{"a":0,"k":100,"ix":4},"w":{"a":0,"k":6,"ix":5,"x":"var $bm_rt;\n$bm_rt = $bm_mul($bm_div(value, 1), comp('wired-outline-20-love-heart').layer('control').effect('stroke')('Menu'));"},"lc":2,"lj":2,"bm":0,"nm":".secondary","mn":"ADBE Vector Graphic - Stroke","hd":false,"cl":"secondary"},{"ty":"tr","p":{"a":0,"k":[0,0],"ix":2},"a":{"a":0,"k":[0,0],"ix":1},"s":{"a":0,"k":[100,100],"ix":3},"r":{"a":0,"k":0,"ix":6},"o":{"a":0,"k":100,"ix":7},"sk":{"a":0,"k":0,"ix":4},"sa":{"a":0,"k":0,"ix":5},"nm":"Transform"}],"nm":"Vector","np":3,"cix":2,"bm":0,"ix":1,"mn":"ADBE Vector Group","hd":false}],"ip":10,"op":900,"st":0,"bm":0},{"ddd":0,"ind":2,"ty":4,"nm":"Vector 2","sr":1,"ks":{"o":{"a":0,"k":100,"ix":11},"r":{"a":0,"k":0,"ix":10},"p":{"a":0,"k":[308,299,0],"ix":2,"l":2},"a":{"a":0,"k":[0,0,0],"ix":1,"l":2},"s":{"a":0,"k":[100,100,100],"ix":6,"l":2}},"ao":0,"shapes":[{"ty":"gr","it":[{"ind":0,"ty":"sh","ix":1,"ks":{"a":1,"k":[{"i":{"x":0.833,"y":0.833},"o":{"x":0.167,"y":0.167},"t":1,"s":[{"i":[[0,0],[0,0],[0,0],[0,0],[0,0],[0,0],[0,0],[0,0]],"o":[[0,0],[0,0],[0,0],[0,0],[0,0],[0,0],[0,0],[0,0]],"v":[[-6.947,-10.003],[-9.004,-10.935],[-10.003,-13],[-10.996,-10.935],[-13.053,-10.003],[-10.996,-9.065],[-10.003,-7],[-9.004,-9.065]],"c":true}]},{"i":{"x":0.667,"y":1},"o":{"x":0.167,"y":0.167},"t":16,"s":[{"i":[[0,0],[0,0],[0,0],[0,0],[0,0],[0,0],[0,0],[0,0]],"o":[[0,0],[0,0],[0,0],[0,0],[0,0],[0,0],[0,0],[0,0]],"v":[[57.999,-14.606],[2.121,-30.347],[-14.803,-86],[-31.573,-30.347],[-87.452,-14.606],[-31.573,1.29],[-14.803,56.943],[2.121,1.29]],"c":true}]},{"t":30,"s":[{"i":[[0,0],[0,0],[0,0],[0,0],[0,0],[0,0],[0,0],[0,0]],"o":[[0,0],[0,0],[0,0],[0,0],[0,0],[0,0],[0,0],[0,0]],"v":[[58,-16.786],[7.472,-39.686],[-17.079,-90.414],[-41.472,-39.686],[-92,-16.786],[-41.472,6.272],[-17.079,57],[7.472,6.272]],"c":true}]}],"ix":2},"nm":"Path 1","mn":"ADBE Vector Shape - Group","hd":false},{"ty":"st","c":{"a":0,"k":[0.31,0.063,0.569,1],"ix":3,"x":"var $bm_rt;\n$bm_rt = comp('wired-outline-20-love-heart').layer('control').effect('secondary')('Color');"},"o":{"a":0,"k":100,"ix":4},"w":{"a":0,"k":6,"ix":5,"x":"var $bm_rt;\n$bm_rt = $bm_mul($bm_div(value, 1), comp('wired-outline-20-love-heart').layer('control').effect('stroke')('Menu'));"},"lc":2,"lj":2,"bm":0,"nm":".secondary","mn":"ADBE Vector Graphic - Stroke","hd":false,"cl":"secondary"},{"ty":"tr","p":{"a":0,"k":[0,0],"ix":2},"a":{"a":0,"k":[0,0],"ix":1},"s":{"a":0,"k":[100,100],"ix":3},"r":{"a":0,"k":0,"ix":6},"o":{"a":0,"k":100,"ix":7},"sk":{"a":0,"k":0,"ix":4},"sa":{"a":0,"k":0,"ix":5},"nm":"Transform"}],"nm":"Vector","np":3,"cix":2,"bm":0,"ix":1,"mn":"ADBE Vector Group","hd":false}],"ip":1,"op":900,"st":0,"bm":0},{"ddd":0,"ind":3,"ty":4,"nm":"mask","td":1,"sr":1,"ks":{"o":{"a":0,"k":100,"ix":11},"r":{"a":0,"k":0,"ix":10},"p":{"a":0,"k":[97.5,98,0],"ix":2,"l":2},"a":{"a":0,"k":[0,0,0],"ix":1,"l":2},"s":{"a":0,"k":[100,100,100],"ix":6,"l":2}},"ao":0,"shapes":[{"ty":"gr","it":[{"ind":0,"ty":"sh","ix":1,"ks":{"a":1,"k":[{"i":{"x":0.833,"y":0.833},"o":{"x":0.167,"y":0.167},"t":10,"s":[{"i":[[0,0],[0,0],[0,0],[0,0],[0,0],[0,0],[0,0],[0,0]],"o":[[0,0],[0,0],[0,0],[0,0],[0,0],[0,0],[0,0],[0,0]],"v":[[0.507,0],[0.166,-0.156],[0.001,-0.5],[-0.165,-0.156],[-0.507,0],[-0.165,0.156],[0.001,0.5],[0.166,0.156]],"c":true}]},{"i":{"x":0.667,"y":1},"o":{"x":0.167,"y":0.167},"t":20,"s":[{"i":[[0,0],[0,0],[0,0],[0,0],[0,0],[0,0],[0,0],[0,0]],"o":[[0,0],[0,0],[0,0],[0,0],[0,0],[0,0],[0,0],[0,0]],"v":[[31.188,0],[5.343,-4.988],[0.046,-30.761],[-5.25,-4.988],[-31.188,0],[-5.25,4.988],[0.046,30.761],[5.343,4.988]],"c":true}]},{"t":30,"s":[{"i":[[0,0],[0,0],[0,0],[0,0],[0,0],[0,0],[0,0],[0,0]],"o":[[0,0],[0,0],[0,0],[0,0],[0,0],[0,0],[0,0],[0,0]],"v":[[48.667,0],[15.981,-14.982],[0.072,-48],[-15.837,-14.982],[-48.667,0],[-15.837,14.982],[0.072,48],[15.981,14.982]],"c":true}]}],"ix":2},"nm":"Path 1","mn":"ADBE Vector Shape - Group","hd":false},{"ty":"st","c":{"a":0,"k":[0.031372550875,0.658823549747,0.541176497936,1],"ix":3},"o":{"a":0,"k":100,"ix":4},"w":{"a":0,"k":0,"ix":5,"x":"var $bm_rt;\n$bm_rt = $bm_mul($bm_div(value, 1), comp('wired-outline-20-love-heart').layer('control').effect('stroke')('Menu'));"},"lc":2,"lj":2,"bm":0,"nm":"Stroke 1","mn":"ADBE Vector Graphic - Stroke","hd":false},{"ty":"fl","c":{"a":0,"k":[1,1,1,1],"ix":4},"o":{"a":0,"k":100,"ix":5},"r":1,"bm":0,"nm":"Fill 1","mn":"ADBE Vector Graphic - Fill","hd":false},{"ty":"tr","p":{"a":0,"k":[0,0],"ix":2},"a":{"a":0,"k":[0,0],"ix":1},"s":{"a":0,"k":[100,100],"ix":3},"r":{"a":0,"k":0,"ix":6},"o":{"a":0,"k":100,"ix":7},"sk":{"a":0,"k":0,"ix":4},"sa":{"a":0,"k":0,"ix":5},"nm":"Transform"}],"nm":"Vector","np":3,"cix":2,"bm":0,"ix":1,"mn":"ADBE Vector Group","hd":false},{"ty":"gr","it":[{"ind":0,"ty":"sh","ix":1,"ks":{"a":1,"k":[{"i":{"x":0.833,"y":0.833},"o":{"x":0.167,"y":0.167},"t":0,"s":[{"i":[[0,0],[0,0],[0,0],[0,0],[0,0],[0,0],[0,0],[0,0]],"o":[[0,0],[0,0],[0,0],[0,0],[0,0],[0,0],[0,0],[0,0]],"v":[[-6.947,-10.003],[-9.004,-10.935],[-10.003,-13],[-10.996,-10.935],[-13.053,-10.003],[-10.996,-9.065],[-10.003,-7],[-9.004,-9.065]],"c":true}]},{"i":{"x":0.667,"y":1},"o":{"x":0.167,"y":0.167},"t":16,"s":[{"i":[[0,0],[0,0],[0,0],[0,0],[0,0],[0,0],[0,0],[0,0]],"o":[[0,0],[0,0],[0,0],[0,0],[0,0],[0,0],[0,0],[0,0]],"v":[[57.999,-14.606],[2.121,-30.347],[-14.803,-86],[-31.573,-30.347],[-87.452,-14.606],[-31.573,1.29],[-14.803,56.943],[2.121,1.29]],"c":true}]},{"t":30,"s":[{"i":[[0,0],[0,0],[0,0],[0,0],[0,0],[0,0],[0,0],[0,0]],"o":[[0,0],[0,0],[0,0],[0,0],[0,0],[0,0],[0,0],[0,0]],"v":[[58,-16.786],[7.472,-39.686],[-17.079,-90.414],[-41.472,-39.686],[-92,-16.786],[-41.472,6.272],[-17.079,57],[7.472,6.272]],"c":true}]}],"ix":2},"nm":"Path 1","mn":"ADBE Vector Shape - Group","hd":false},{"ty":"st","c":{"a":0,"k":[0.031372550875,0.658823549747,0.541176497936,1],"ix":3},"o":{"a":0,"k":100,"ix":4},"w":{"a":0,"k":0,"ix":5,"x":"var $bm_rt;\n$bm_rt = $bm_mul($bm_div(value, 1), comp('wired-outline-20-love-heart').layer('control').effect('stroke')('Menu'));"},"lc":2,"lj":2,"bm":0,"nm":"Stroke 1","mn":"ADBE Vector Graphic - Stroke","hd":false},{"ty":"fl","c":{"a":0,"k":[1,1,1,1],"ix":4},"o":{"a":0,"k":100,"ix":5},"r":1,"bm":0,"nm":"Fill 1","mn":"ADBE Vector Graphic - Fill","hd":false},{"ty":"tr","p":{"a":0,"k":[211,201],"ix":2},"a":{"a":0,"k":[0,0],"ix":1},"s":{"a":0,"k":[100,100],"ix":3},"r":{"a":0,"k":0,"ix":6},"o":{"a":0,"k":100,"ix":7},"sk":{"a":0,"k":0,"ix":4},"sa":{"a":0,"k":0,"ix":5},"nm":"Transform"}],"nm":"Vector 2","np":3,"cix":2,"bm":0,"ix":2,"mn":"ADBE Vector Group","hd":false}],"ip":1,"op":900,"st":0,"bm":0},{"ddd":0,"ind":4,"ty":4,"nm":"Warstwa 4","tt":2,"sr":1,"ks":{"o":{"a":0,"k":100,"ix":11},"r":{"a":0,"k":0,"ix":10},"p":{"a":0,"k":[215,215,0],"ix":2,"l":2},"a":{"a":0,"k":[0,0,0],"ix":1,"l":2},"s":{"a":1,"k":[{"i":{"x":[0.667,0.667,0.667],"y":[1,1,1]},"o":{"x":[0.333,0.333,0.333],"y":[0,0,0]},"t":0,"s":[100,100,100]},{"i":{"x":[0.667,0.667,0.667],"y":[1,1,1]},"o":{"x":[0.333,0.333,0.333],"y":[0,0,0]},"t":16,"s":[90,90,100]},{"t":30,"s":[100,100,100]}],"ix":6,"l":2}},"ao":0,"shapes":[{"ty":"gr","it":[{"ind":0,"ty":"sh","ix":1,"ks":{"a":1,"k":[{"i":{"x":0.41,"y":1},"o":{"x":0.59,"y":0},"t":0,"s":[{"i":[[0,0],[0,26.18],[19.992,19.992],[22.257,2.503],[22.925,-22.946],[0,0],[0,0],[26.18,0],[19.992,-19.992],[-40.029,-39.988],[0,0]],"o":[[19.992,-19.992],[0,-26.222],[-17.063,-17.08],[-29.9,-3.363],[0,0],[0,0],[-19.992,-19.992],[-26.222,0],[-40.029,39.988],[0,0],[0,0]],"v":[[144.945,14.956],[174.979,-57.438],[144.945,-129.874],[84.038,-159.25],[0.119,-129.874],[-0.004,-129.752],[-0.13,-129.874],[-72.524,-159.908],[-144.956,-129.874],[-144.956,14.956],[-0.004,159.908]],"c":true}]},{"t":30,"s":[{"i":[[0,0],[0,23.077],[17.613,17.631],[19.618,2.207],[20.208,-20.226],[0,0],[0,0],[23.077,0],[17.632,-17.613],[-35.285,-35.248],[0,0]],"o":[[17.622,-17.622],[0,-23.114],[-15.04,-15.056],[-26.357,-2.965],[0,0],[0,0],[-17.622,-17.622],[-23.114,0],[-35.285,35.248],[0,0],[0,0]],"v":[[127.172,13.023],[153.646,-50.791],[127.172,-114.641],[73.484,-140.535],[-0.489,-114.641],[-0.597,-114.533],[-0.708,-114.641],[-64.521,-141.115],[-128.368,-114.641],[-128.368,13.023],[-0.597,140.794]],"c":true}]}],"ix":2},"nm":"Path 1","mn":"ADBE Vector Shape - Group","hd":false},{"ty":"st","c":{"a":0,"k":[0.776,0.612,0.957,1],"ix":3,"x":"var $bm_rt;\n$bm_rt = comp('wired-outline-20-love-heart').layer('control').effect('primary')('Color');"},"o":{"a":0,"k":100,"ix":4},"w":{"a":0,"k":6,"ix":5,"x":"var $bm_rt;\n$bm_rt = $bm_mul($bm_div(value, 1), comp('wired-outline-20-love-heart').layer('control').effect('stroke')('Menu'));"},"lc":2,"lj":2,"bm":0,"nm":".primary","mn":"ADBE Vector Graphic - Stroke","hd":false,"cl":"primary"},{"ty":"tr","p":{"a":0,"k":[0,0],"ix":2},"a":{"a":0,"k":[0,0],"ix":1},"s":{"a":0,"k":[100,100],"ix":3},"r":{"a":0,"k":0,"ix":6},"o":{"a":0,"k":100,"ix":7},"sk":{"a":0,"k":0,"ix":4},"sa":{"a":0,"k":0,"ix":5},"nm":"Transform"}],"nm":"Group 1","np":2,"cix":2,"bm":0,"ix":1,"mn":"ADBE Vector Group","hd":false}],"ip":0,"op":219,"st":0,"bm":0}]},{"id":"comp_6","nm":"morph-half","fr":60,"layers":[{"ddd":0,"ind":1,"ty":4,"nm":"Shape Layer 1","sr":1,"ks":{"o":{"a":0,"k":100,"ix":11},"r":{"a":0,"k":0,"ix":10},"p":{"a":0,"k":[214,215,0],"ix":2,"l":2},"a":{"a":0,"k":[0,0,0],"ix":1,"l":2},"s":{"a":0,"k":[100,100,100],"ix":6,"l":2}},"ao":0,"shapes":[{"ty":"gr","it":[{"ind":0,"ty":"sh","ix":1,"ks":{"a":0,"k":{"i":[[0,0],[0,0]],"o":[[0,0],[0,0]],"v":[[1,-127.5],[1,160.5]],"c":false},"ix":2},"nm":"Path 1","mn":"ADBE Vector Shape - Group","hd":false},{"ty":"st","c":{"a":0,"k":[0.776,0.612,0.957,1],"ix":3,"x":"var $bm_rt;\n$bm_rt = comp('wired-outline-20-love-heart').layer('control').effect('primary')('Color');"},"o":{"a":0,"k":100,"ix":4},"w":{"a":0,"k":6,"ix":5,"x":"var $bm_rt;\n$bm_rt = $bm_mul($bm_div(value, 1), comp('wired-outline-20-love-heart').layer('control').effect('stroke')('Menu'));"},"lc":2,"lj":2,"bm":0,"nm":".primary","mn":"ADBE Vector Graphic - Stroke","hd":false,"cl":"primary"},{"ty":"tr","p":{"a":0,"k":[0,0],"ix":2},"a":{"a":0,"k":[0,0],"ix":1},"s":{"a":0,"k":[100,100],"ix":3},"r":{"a":0,"k":0,"ix":6},"o":{"a":0,"k":100,"ix":7},"sk":{"a":0,"k":0,"ix":4},"sa":{"a":0,"k":0,"ix":5},"nm":"Transform"}],"nm":"Shape 1","np":3,"cix":2,"bm":0,"ix":1,"mn":"ADBE Vector Group","hd":false}],"ip":15,"op":300,"st":0,"bm":0},{"ddd":0,"ind":2,"ty":4,"nm":"Warstwa 5","sr":1,"ks":{"o":{"a":0,"k":100,"ix":11},"r":{"a":0,"k":0,"ix":10},"p":{"a":0,"k":[215,215,0],"ix":2,"l":2},"a":{"a":0,"k":[0,0,0],"ix":1,"l":2},"s":{"a":0,"k":[100,100,100],"ix":6,"l":2}},"ao":0,"shapes":[{"ty":"gr","it":[{"ind":0,"ty":"sh","ix":1,"ks":{"a":1,"k":[{"i":{"x":0.667,"y":1},"o":{"x":0.333,"y":0},"t":0,"s":[{"i":[[0,0],[0,0],[0,26.18],[19.992,19.992],[22.257,2.503],[22.925,-22.946],[0,0]],"o":[[0,0],[19.992,-19.992],[0,-26.222],[-17.063,-17.08],[-29.9,-3.363],[0,0],[0,0]],"v":[[-0.004,159.908],[144.945,14.956],[174.979,-57.438],[144.945,-129.874],[84.038,-159.25],[0.119,-129.874],[-0.004,-129.752]],"c":false}]},{"t":30,"s":[{"i":[[0,0],[0,0],[0,26.18],[-19.983,20.002],[-22.258,2.504],[-22.927,-22.946],[0,0]],"o":[[0,0],[-19.994,-19.992],[0,-26.222],[17.064,-17.08],[29.903,-3.363],[0,0],[0,0]],"v":[[-0.004,159.908],[-144.964,14.956],[-175,-57.438],[-144.964,-129.874],[-84.052,-159.25],[-0.126,-129.874],[-0.004,-129.752]],"c":false}]}],"ix":2},"nm":"Path 1","mn":"ADBE Vector Shape - Group","hd":false},{"ty":"st","c":{"a":0,"k":[0.776,0.612,0.957,1],"ix":3,"x":"var $bm_rt;\n$bm_rt = comp('wired-outline-20-love-heart').layer('control').effect('primary')('Color');"},"o":{"a":0,"k":100,"ix":4},"w":{"a":0,"k":6,"ix":5,"x":"var $bm_rt;\n$bm_rt = $bm_mul($bm_div(value, 1), comp('wired-outline-20-love-heart').layer('control').effect('stroke')('Menu'));"},"lc":2,"lj":2,"bm":0,"nm":".primary","mn":"ADBE Vector Graphic - Stroke","hd":false,"cl":"primary"},{"ty":"tr","p":{"a":0,"k":[0,0],"ix":2},"a":{"a":0,"k":[0,0],"ix":1},"s":{"a":0,"k":[100,100],"ix":3},"r":{"a":0,"k":0,"ix":6},"o":{"a":0,"k":100,"ix":7},"sk":{"a":0,"k":0,"ix":4},"sa":{"a":0,"k":0,"ix":5},"nm":"Transform"}],"nm":"Group 1","np":2,"cix":2,"bm":0,"ix":1,"mn":"ADBE Vector Group","hd":false}],"ip":0,"op":86,"st":0,"bm":0},{"ddd":0,"ind":3,"ty":4,"nm":"Warstwa 4","sr":1,"ks":{"o":{"a":0,"k":100,"ix":11},"r":{"a":0,"k":0,"ix":10},"p":{"a":0,"k":[215,215,0],"ix":2,"l":2},"a":{"a":0,"k":[0,0,0],"ix":1,"l":2},"s":{"a":0,"k":[100,100,100],"ix":6,"l":2}},"ao":0,"shapes":[{"ty":"gr","it":[{"ind":0,"ty":"sh","ix":1,"ks":{"a":0,"k":{"i":[[0,0],[0,0],[26.18,0],[19.992,-19.992],[-40.029,-39.988],[0,0]],"o":[[0,0],[-19.992,-19.992],[-26.222,0],[-40.029,39.988],[0,0],[0,0]],"v":[[-0.004,-129.752],[-0.13,-129.874],[-72.524,-159.908],[-144.956,-129.874],[-144.956,14.956],[-0.004,159.908]],"c":false},"ix":2},"nm":"Path 1","mn":"ADBE Vector Shape - Group","hd":false},{"ty":"st","c":{"a":0,"k":[0.776,0.612,0.957,1],"ix":3,"x":"var $bm_rt;\n$bm_rt = comp('wired-outline-20-love-heart').layer('control').effect('primary')('Color');"},"o":{"a":0,"k":100,"ix":4},"w":{"a":0,"k":6,"ix":5,"x":"var $bm_rt;\n$bm_rt = $bm_mul($bm_div(value, 1), comp('wired-outline-20-love-heart').layer('control').effect('stroke')('Menu'));"},"lc":2,"lj":2,"bm":0,"nm":".primary","mn":"ADBE Vector Graphic - Stroke","hd":false,"cl":"primary"},{"ty":"tr","p":{"a":0,"k":[0,0],"ix":2},"a":{"a":0,"k":[0,0],"ix":1},"s":{"a":0,"k":[100,100],"ix":3},"r":{"a":0,"k":0,"ix":6},"o":{"a":0,"k":100,"ix":7},"sk":{"a":0,"k":0,"ix":4},"sa":{"a":0,"k":0,"ix":5},"nm":"Transform"}],"nm":"Group 1","np":2,"cix":2,"bm":0,"ix":1,"mn":"ADBE Vector Group","hd":false},{"ty":"tm","s":{"a":1,"k":[{"i":{"x":[0.833],"y":[0.833]},"o":{"x":[0.167],"y":[0.167]},"t":15,"s":[0]},{"i":{"x":[0.833],"y":[0.833]},"o":{"x":[0.167],"y":[0.167]},"t":18,"s":[9]},{"i":{"x":[0.833],"y":[0.833]},"o":{"x":[0.167],"y":[0.167]},"t":23,"s":[13]},{"t":28,"s":[19]}],"ix":1},"e":{"a":0,"k":100,"ix":2},"o":{"a":0,"k":0,"ix":3},"m":1,"ix":2,"nm":"Trim Paths 1","mn":"ADBE Vector Filter - Trim","hd":false}],"ip":0,"op":30,"st":0,"bm":0}]},{"id":"comp_7","nm":"morph-heart-broken","fr":60,"layers":[{"ddd":0,"ind":1,"ty":4,"nm":"Warstwa 4","parent":2,"sr":1,"ks":{"o":{"a":0,"k":100,"ix":11},"r":{"a":0,"k":0,"ix":10},"p":{"a":0,"k":[0,0,0],"ix":2,"l":2},"a":{"a":0,"k":[0,0,0],"ix":1,"l":2},"s":{"a":0,"k":[100,100,100],"ix":6,"l":2}},"ao":0,"shapes":[{"ty":"gr","it":[{"ind":0,"ty":"sh","ix":1,"ks":{"a":0,"k":{"i":[[0,0],[0,26.18],[19.992,19.992],[22.257,2.503],[22.925,-22.946],[0,0],[0,0],[26.18,0],[19.992,-19.992],[-40.029,-39.988],[0,0]],"o":[[19.992,-19.992],[0,-26.222],[-17.063,-17.08],[-29.9,-3.363],[0,0],[0,0],[-19.992,-19.992],[-26.222,0],[-40.029,39.988],[0,0],[0,0]],"v":[[144.945,14.956],[174.979,-57.438],[144.945,-129.874],[84.038,-159.25],[0.119,-129.874],[-0.004,-129.752],[-0.13,-129.874],[-72.524,-159.908],[-144.956,-129.874],[-144.956,14.956],[-0.004,159.908]],"c":true},"ix":2},"nm":"Path 1","mn":"ADBE Vector Shape - Group","hd":false},{"ty":"st","c":{"a":0,"k":[0.776,0.612,0.957,1],"ix":3,"x":"var $bm_rt;\n$bm_rt = comp('wired-outline-20-love-heart').layer('control').effect('primary')('Color');"},"o":{"a":0,"k":100,"ix":4},"w":{"a":0,"k":6,"ix":5,"x":"var $bm_rt;\n$bm_rt = $bm_mul($bm_div(value, 1), comp('wired-outline-20-love-heart').layer('control').effect('stroke')('Menu'));"},"lc":2,"lj":2,"bm":0,"nm":".primary","mn":"ADBE Vector Graphic - Stroke","hd":false,"cl":"primary"},{"ty":"tr","p":{"a":0,"k":[0,0],"ix":2},"a":{"a":0,"k":[0,0],"ix":1},"s":{"a":0,"k":[100,100],"ix":3},"r":{"a":0,"k":0,"ix":6},"o":{"a":0,"k":100,"ix":7},"sk":{"a":0,"k":0,"ix":4},"sa":{"a":0,"k":0,"ix":5},"nm":"Transform"}],"nm":"Group 1","np":2,"cix":2,"bm":0,"ix":1,"mn":"ADBE Vector Group","hd":false}],"ip":0,"op":1,"st":0,"bm":0},{"ddd":0,"ind":2,"ty":4,"nm":"Vector","sr":1,"ks":{"o":{"a":0,"k":100,"ix":11},"r":{"a":0,"k":0,"ix":10},"p":{"a":0,"k":[215,215,0],"ix":2,"l":2},"a":{"a":0,"k":[0,0,0],"ix":1,"l":2},"s":{"a":1,"k":[{"i":{"x":[0.667,0.667,0.667],"y":[1,1,1]},"o":{"x":[0.333,0.333,0.333],"y":[0,0,0]},"t":0,"s":[100,100,100]},{"i":{"x":[0.667,0.667,0.667],"y":[1,1,1]},"o":{"x":[0.333,0.333,0.333],"y":[0,0,0]},"t":8,"s":[90,90,100]},{"t":15,"s":[100,100,100]}],"ix":6,"l":2}},"ao":0,"shapes":[{"ty":"gr","it":[{"ind":0,"ty":"sh","ix":1,"ks":{"a":1,"k":[{"i":{"x":0.833,"y":0.833},"o":{"x":0.167,"y":0.167},"t":0,"s":[{"i":[[0,-26.2],[20,-20],[0,0],[0,0],[-40.1,39.9],[-26.2,0],[-12.321,-4.996],[0,0],[0,0],[0,0],[0,0],[0,0],[0,0],[-21.359,-2.429],[-17,-17.2]],"o":[[0,26.2],[0,0],[0,0],[-40,-40],[20,-20],[13.095,0],[0,0],[0,0],[0,0],[0,0],[0,0],[0,0],[19.157,-11.043],[22.3,2.5],[20,20]],"v":[[174.944,-57.472],[144.944,14.928],[0.044,159.928],[-144.956,14.928],[-144.856,-129.872],[-72.456,-159.872],[-33.944,-152.377],[-1.202,-131.233],[-1.917,-131.567],[-1.479,-131.631],[-1.841,-131.466],[-0.944,-131.428],[21.552,-146.35],[84.044,-159.272],[144.944,-129.872]],"c":true}]},{"i":{"x":0.833,"y":0.833},"o":{"x":0.167,"y":0.167},"t":5,"s":[{"i":[[0,-26.2],[20,-20],[0,0],[0,0],[-40.1,39.9],[-26.2,0],[-12.321,-4.996],[0,0],[0,0],[0,0],[0,0],[0,0],[0,0],[-21.359,-2.429],[-17,-17.2]],"o":[[0,26.2],[0,0],[0,0],[-40,-40],[20,-20],[13.095,0],[0,0],[0,0],[0,0],[0,0],[0,0],[0,0],[19.157,-11.043],[22.3,2.5],[20,20]],"v":[[174.944,-57.472],[144.944,14.928],[0.044,159.928],[-144.956,14.928],[-144.856,-129.872],[-72.456,-159.872],[-33.944,-152.377],[16.798,-115.233],[59.083,-86.067],[59.521,-86.131],[59.159,-85.966],[60.056,-85.928],[21.552,-146.35],[84.044,-159.272],[144.944,-129.872]],"c":true}]},{"i":{"x":0.833,"y":0.833},"o":{"x":0.167,"y":0.167},"t":6,"s":[{"i":[[0,-26.2],[20,-20],[0,0],[0,0],[-40.1,39.9],[-26.2,0],[-12.321,-4.996],[0,0],[0,0],[0,0],[0,0],[0,0],[0,0],[-21.359,-2.429],[-17,-17.2]],"o":[[0,26.2],[0,0],[0,0],[-40,-40],[20,-20],[13.095,0],[0,0],[0,0],[0,0],[0,0],[0,0],[0,0],[19.157,-11.043],[22.3,2.5],[20,20]],"v":[[174.944,-57.472],[144.944,14.928],[0.044,159.928],[-144.956,14.928],[-144.856,-129.872],[-72.456,-159.872],[-33.944,-152.377],[12.249,-111.572],[19.386,-81.092],[20.087,-81.122],[33.73,-82.765],[60.056,-85.928],[21.552,-146.35],[84.044,-159.272],[144.944,-129.872]],"c":true}]},{"i":{"x":0.833,"y":0.833},"o":{"x":0.167,"y":0.167},"t":10,"s":[{"i":[[0,-26.2],[20,-20],[0,0],[0,0],[-40.1,39.9],[-26.2,0],[-12.321,-4.996],[0,0],[0,0],[0,0],[0,0],[0,0],[0,0],[-21.359,-2.429],[-17,-17.2]],"o":[[0,26.2],[0,0],[0,0],[-40,-40],[20,-20],[13.095,0],[0,0],[0,0],[0,0],[0,0],[0,0],[0,0],[19.157,-11.043],[22.3,2.5],[20,20]],"v":[[174.944,-57.472],[144.944,14.928],[0.044,159.928],[-144.956,14.928],[-144.856,-129.872],[-72.456,-159.872],[-33.944,-152.377],[-5.944,-96.928],[-62.944,-33.928],[-62.506,-33.992],[-18.494,-52.131],[60.056,-85.928],[21.552,-146.35],[84.044,-159.272],[144.944,-129.872]],"c":true}]},{"i":{"x":0.667,"y":1},"o":{"x":0.167,"y":0.167},"t":11,"s":[{"i":[[0,-26.2],[20,-20],[0,0],[0,0],[-40.1,39.9],[-26.2,0],[-12.321,-4.996],[0,0],[0,0],[0,0],[0,0],[0,0],[0,0],[-21.359,-2.429],[-17,-17.2]],"o":[[0,26.2],[0,0],[0,0],[-40,-40],[20,-20],[13.095,0],[0,0],[0,0],[0,0],[0,0],[0,0],[0,0],[19.157,-11.043],[22.3,2.5],[20,20]],"v":[[174.944,-57.472],[144.944,14.928],[0.044,159.928],[-144.956,14.928],[-144.856,-129.872],[-72.456,-159.872],[-33.944,-152.377],[-5.944,-96.928],[-62.944,-33.928],[-25.576,-23.09],[-17.339,-47.51],[60.056,-85.928],[21.552,-146.35],[84.044,-159.272],[144.944,-129.872]],"c":true}]},{"t":15,"s":[{"i":[[0,-26.2],[20,-20],[0,0],[0,0],[-40.1,39.9],[-26.2,0],[-12.321,-4.996],[0,0],[0,0],[0,0],[0,0],[0,0],[0,0],[-21.359,-2.429],[-17,-17.2]],"o":[[0,26.2],[0,0],[0,0],[-40,-40],[20,-20],[13.095,0],[0,0],[0,0],[0,0],[0,0],[0,0],[0,0],[19.157,-11.043],[22.3,2.5],[20,20]],"v":[[174.944,-57.472],[144.944,14.928],[0.044,159.928],[-144.956,14.928],[-144.856,-129.872],[-72.456,-159.872],[-33.944,-152.377],[-5.944,-96.928],[-62.944,-33.928],[20.056,55.072],[-13.944,-33.928],[60.056,-85.928],[21.552,-146.35],[84.044,-159.272],[144.944,-129.872]],"c":true}]}],"ix":2},"nm":"Path 1","mn":"ADBE Vector Shape - Group","hd":false},{"ty":"st","c":{"a":0,"k":[0.776,0.612,0.957,1],"ix":3,"x":"var $bm_rt;\n$bm_rt = comp('wired-outline-20-love-heart').layer('control').effect('primary')('Color');"},"o":{"a":0,"k":100,"ix":4},"w":{"a":0,"k":6,"ix":5,"x":"var $bm_rt;\n$bm_rt = $bm_mul($bm_div(value, 1), comp('wired-outline-20-love-heart').layer('control').effect('stroke')('Menu'));"},"lc":2,"lj":2,"bm":0,"nm":".primary","mn":"ADBE Vector Graphic - Stroke","hd":false,"cl":"primary"},{"ty":"tr","p":{"a":0,"k":[0,0],"ix":2},"a":{"a":0,"k":[0,0],"ix":1},"s":{"a":0,"k":[100,100],"ix":3},"r":{"a":0,"k":0,"ix":6},"o":{"a":0,"k":100,"ix":7},"sk":{"a":0,"k":0,"ix":4},"sa":{"a":0,"k":0,"ix":5},"nm":"Transform"}],"nm":"Vector","np":2,"cix":2,"bm":0,"ix":1,"mn":"ADBE Vector Group","hd":false}],"ip":1,"op":900,"st":0,"bm":0},{"ddd":0,"ind":3,"ty":4,"nm":"Warstwa 6","parent":2,"sr":1,"ks":{"o":{"a":0,"k":100,"ix":11},"r":{"a":0,"k":0,"ix":10},"p":{"a":0,"k":[0,0,0],"ix":2,"l":2},"a":{"a":0,"k":[0,0,0],"ix":1,"l":2},"s":{"a":0,"k":[100,100,100],"ix":6,"l":2}},"ao":0,"shapes":[{"ty":"gr","it":[{"ind":0,"ty":"sh","ix":1,"ks":{"a":0,"k":{"i":[[0,0],[16.876,16.893],[18.797,2.114],[19.361,-19.379],[0,0],[0,0],[22.11,0],[16.893,-16.875],[-33.807,-33.771],[0,0]],"o":[[36.893,-36.893],[-14.41,-14.425],[-25.252,-2.841],[0,0],[0,0],[-16.884,-16.884],[-22.146,0],[-33.807,33.771],[0,0],[0,0]],"v":[[119.135,-3.58],[121.635,-109.896],[75.196,-132.205],[-0.678,-97.396],[-0.781,-97.292],[-0.888,-97.396],[-67.028,-133.073],[-123.888,-110.458],[-118.701,-3.58],[-0.781,118.84]],"c":true},"ix":2},"nm":"Path 1","mn":"ADBE Vector Shape - Group","hd":false},{"ty":"st","c":{"a":0,"k":[0.31,0.063,0.569,1],"ix":3,"x":"var $bm_rt;\n$bm_rt = comp('wired-outline-20-love-heart').layer('control').effect('secondary')('Color');"},"o":{"a":0,"k":100,"ix":4},"w":{"a":0,"k":6,"ix":5,"x":"var $bm_rt;\n$bm_rt = $bm_mul($bm_div(value, 1), comp('wired-outline-20-love-heart').layer('control').effect('stroke')('Menu'));"},"lc":2,"lj":2,"bm":0,"nm":".secondary","mn":"ADBE Vector Graphic - Stroke","hd":false,"cl":"secondary"},{"ty":"tr","p":{"a":0,"k":[0,0],"ix":2},"a":{"a":0,"k":[0,0],"ix":1},"s":{"a":0,"k":[100,100],"ix":3},"r":{"a":0,"k":0,"ix":6},"o":{"a":0,"k":100,"ix":7},"sk":{"a":0,"k":0,"ix":4},"sa":{"a":0,"k":0,"ix":5},"nm":"Transform"}],"nm":"Group 1","np":2,"cix":2,"bm":0,"ix":1,"mn":"ADBE Vector Group","hd":false},{"ty":"tm","s":{"a":1,"k":[{"i":{"x":[0.833],"y":[0.833]},"o":{"x":[0.78],"y":[0]},"t":0,"s":[35]},{"t":12,"s":[69]}],"ix":1},"e":{"a":1,"k":[{"i":{"x":[0.833],"y":[0.833]},"o":{"x":[0.78],"y":[0]},"t":0,"s":[51.5]},{"t":12,"s":[79.5]}],"ix":2},"o":{"a":0,"k":0,"ix":3},"m":1,"ix":2,"nm":"Trim Paths 1","mn":"ADBE Vector Filter - Trim","hd":false}],"ip":0,"op":13,"st":0,"bm":0}]},{"id":"comp_8","nm":"morph-slider","fr":60,"layers":[{"ddd":0,"ind":1,"ty":4,"nm":"Warstwa 4","sr":1,"ks":{"o":{"a":0,"k":100,"ix":11},"r":{"a":0,"k":0,"ix":10},"p":{"a":0,"k":[215,215,0],"ix":2,"l":2},"a":{"a":0,"k":[0,0,0],"ix":1,"l":2},"s":{"a":0,"k":[100,100,100],"ix":6,"l":2}},"ao":0,"shapes":[{"ty":"gr","it":[{"ind":0,"ty":"sh","ix":1,"ks":{"a":0,"k":{"i":[[0,0],[0,26.18],[19.992,19.992],[22.257,2.503],[22.925,-22.946],[0,0],[0,0],[26.18,0],[19.992,-19.992],[-40.029,-39.988],[0,0]],"o":[[19.992,-19.992],[0,-26.222],[-17.063,-17.08],[-29.9,-3.363],[0,0],[0,0],[-19.992,-19.992],[-26.222,0],[-40.029,39.988],[0,0],[0,0]],"v":[[144.945,14.956],[174.979,-57.438],[144.945,-129.874],[84.038,-159.25],[0.119,-129.874],[-0.004,-129.752],[-0.13,-129.874],[-72.524,-159.908],[-144.956,-129.874],[-144.956,14.956],[-0.004,159.908]],"c":true},"ix":2},"nm":"Path 1","mn":"ADBE Vector Shape - Group","hd":false},{"ty":"st","c":{"a":0,"k":[0.776,0.612,0.957,1],"ix":3,"x":"var $bm_rt;\n$bm_rt = comp('wired-outline-20-love-heart').layer('control').effect('primary')('Color');"},"o":{"a":0,"k":100,"ix":4},"w":{"a":0,"k":6,"ix":5,"x":"var $bm_rt;\n$bm_rt = $bm_mul($bm_div(value, 1), comp('wired-outline-20-love-heart').layer('control').effect('stroke')('Menu'));"},"lc":2,"lj":2,"bm":0,"nm":".primary","mn":"ADBE Vector Graphic - Stroke","hd":false,"cl":"primary"},{"ty":"tr","p":{"a":0,"k":[0,0],"ix":2},"a":{"a":0,"k":[0,0],"ix":1},"s":{"a":0,"k":[100,100],"ix":3},"r":{"a":0,"k":0,"ix":6},"o":{"a":0,"k":100,"ix":7},"sk":{"a":0,"k":0,"ix":4},"sa":{"a":0,"k":0,"ix":5},"nm":"Transform"}],"nm":"Group 1","np":2,"cix":2,"bm":0,"ix":1,"mn":"ADBE Vector Group","hd":false}],"ip":0,"op":250,"st":0,"bm":0},{"ddd":0,"ind":2,"ty":4,"nm":"mask","td":1,"sr":1,"ks":{"o":{"a":0,"k":100,"ix":11},"r":{"a":0,"k":0,"ix":10},"p":{"a":0,"k":[215,215,0],"ix":2,"l":2},"a":{"a":0,"k":[0,0,0],"ix":1,"l":2},"s":{"a":0,"k":[100,100,100],"ix":6,"l":2}},"ao":0,"shapes":[{"ty":"gr","it":[{"ind":0,"ty":"sh","ix":1,"ks":{"a":0,"k":{"i":[[0,0],[0,26.18],[19.992,19.992],[22.257,2.503],[22.925,-22.946],[0,0],[0,0],[26.18,0],[19.992,-19.992],[-40.029,-39.988],[0,0]],"o":[[19.992,-19.992],[0,-26.222],[-17.063,-17.08],[-29.9,-3.363],[0,0],[0,0],[-19.992,-19.992],[-26.222,0],[-40.029,39.988],[0,0],[0,0]],"v":[[144.945,14.956],[174.979,-57.438],[144.945,-129.874],[84.038,-159.25],[0.119,-129.874],[-0.004,-129.752],[-0.13,-129.874],[-72.524,-159.908],[-144.956,-129.874],[-144.956,14.956],[-0.004,159.908]],"c":true},"ix":2},"nm":"Path 1","mn":"ADBE Vector Shape - Group","hd":false},{"ty":"fl","c":{"a":0,"k":[1,0,0,1],"ix":4},"o":{"a":0,"k":100,"ix":5},"r":1,"bm":0,"nm":"Fill 1","mn":"ADBE Vector Graphic - Fill","hd":false},{"ty":"tr","p":{"a":0,"k":[0,0],"ix":2},"a":{"a":0,"k":[0,0],"ix":1},"s":{"a":0,"k":[100,100],"ix":3},"r":{"a":0,"k":0,"ix":6},"o":{"a":0,"k":100,"ix":7},"sk":{"a":0,"k":0,"ix":4},"sa":{"a":0,"k":0,"ix":5},"nm":"Transform"}],"nm":"Group 1","np":2,"cix":2,"bm":0,"ix":1,"mn":"ADBE Vector Group","hd":false}],"ip":0,"op":250,"st":0,"bm":0},{"ddd":0,"ind":3,"ty":4,"nm":"fill","tt":1,"sr":1,"ks":{"o":{"a":0,"k":100,"ix":11},"r":{"a":0,"k":0,"ix":10},"p":{"a":1,"k":[{"i":{"x":0.833,"y":0.833},"o":{"x":0.167,"y":0.167},"t":0,"s":[35,215,0],"to":[0,0,0],"ti":[0,0,0]},{"i":{"x":0.833,"y":0.833},"o":{"x":0.167,"y":0.167},"t":15,"s":[215,215,0],"to":[0,0,0],"ti":[0,0,0]},{"t":30,"s":[398,215,0]}],"ix":2,"l":2},"a":{"a":0,"k":[0,0,0],"ix":1,"l":2},"s":{"a":0,"k":[100,100,100],"ix":6,"l":2}},"ao":0,"shapes":[{"ty":"gr","it":[{"ty":"rc","d":1,"s":{"a":0,"k":[483,428],"ix":2},"p":{"a":0,"k":[0,0],"ix":3},"r":{"a":0,"k":0,"ix":4},"nm":"Rectangle Path 1","mn":"ADBE Vector Shape - Rect","hd":false},{"ty":"fl","c":{"a":0,"k":[0.776,0.612,0.957,1],"ix":4,"x":"var $bm_rt;\n$bm_rt = comp('wired-outline-20-love-heart').layer('control').effect('primary')('Color');"},"o":{"a":0,"k":100,"ix":5},"r":1,"bm":0,"nm":".primary","mn":"ADBE Vector Graphic - Fill","hd":false,"cl":"primary"},{"ty":"st","c":{"a":0,"k":[0.776,0.612,0.957,1],"ix":3,"x":"var $bm_rt;\n$bm_rt = comp('wired-outline-20-love-heart').layer('control').effect('primary')('Color');"},"o":{"a":0,"k":100,"ix":4},"w":{"a":0,"k":6,"ix":5,"x":"var $bm_rt;\n$bm_rt = $bm_mul($bm_div(value, 1), comp('wired-outline-20-love-heart').layer('control').effect('stroke')('Menu'));"},"lc":2,"lj":2,"bm":0,"nm":".primary","mn":"ADBE Vector Graphic - Stroke","hd":false,"cl":"primary"},{"ty":"tr","p":{"a":0,"k":[-243.5,4],"ix":2},"a":{"a":0,"k":[0,0],"ix":1},"s":{"a":0,"k":[100,100],"ix":3},"r":{"a":0,"k":0,"ix":6},"o":{"a":0,"k":100,"ix":7},"sk":{"a":0,"k":0,"ix":4},"sa":{"a":0,"k":0,"ix":5},"nm":"Transform"}],"nm":"Rectangle 1","np":4,"cix":2,"bm":0,"ix":1,"mn":"ADBE Vector Group","hd":false}],"ip":0,"op":300,"st":0,"bm":0}]},{"id":"comp_9","nm":"morph-two-hearts","fr":60,"layers":[{"ddd":0,"ind":1,"ty":4,"nm":"Vector 3","sr":1,"ks":{"o":{"a":0,"k":100,"ix":11},"r":{"a":0,"k":0,"ix":10},"p":{"a":0,"k":[309.733,303.571,0],"ix":2,"l":2},"a":{"a":0,"k":[0,0,0],"ix":1,"l":2},"s":{"a":0,"k":[100,100,100],"ix":6,"l":2}},"ao":0,"shapes":[{"ty":"gr","it":[{"ind":0,"ty":"sh","ix":1,"ks":{"a":1,"k":[{"i":{"x":0.25,"y":1},"o":{"x":0.167,"y":0.167},"t":10,"s":[{"i":[[0,-0.514],[0.394,-0.392],[0,0],[0,0],[-0.79,0.783],[-0.516,0],[-0.394,-0.392],[0,0],[0,0],[-0.589,-0.067],[-0.335,-0.337]],"o":[[0,0.514],[0,0],[0,0],[-0.788,-0.785],[0.394,-0.392],[0.516,0],[0,0],[0,0],[0.451,-0.451],[0.439,0.049],[0.394,0.392]],"v":[[6.471,-9.567],[5.88,-8.147],[3.027,-5.302],[0.172,-8.147],[0.174,-10.988],[1.599,-11.576],[3.025,-10.988],[3.027,-10.986],[3.029,-10.988],[4.681,-11.565],[5.88,-10.988]],"c":true}]},{"t":30,"s":[{"i":[[0,-11.713],[8.974,-8.941],[0,0],[0,0],[-17.993,17.838],[-11.756,0],[-8.974,-8.941],[0,0],[0,0],[-13.417,-1.52],[-7.628,-7.69]],"o":[[0,11.713],[0,0],[0,0],[-17.949,-17.883],[8.974,-8.941],[11.756,0],[0,0],[0,0],[10.276,-10.283],[10.006,1.118],[8.974,8.941]],"v":[[78.5,-25.694],[65.039,6.674],[0.02,71.5],[-65.044,6.674],[-64.999,-58.062],[-32.512,-71.475],[-0.025,-58.062],[0.02,-58.018],[0.065,-58.062],[37.712,-71.206],[65.039,-58.062]],"c":true}]}],"ix":2},"nm":"Path 1","mn":"ADBE Vector Shape - Group","hd":false},{"ty":"st","c":{"a":0,"k":[0.31,0.063,0.569,1],"ix":3,"x":"var $bm_rt;\n$bm_rt = comp('wired-outline-20-love-heart').layer('control').effect('secondary')('Color');"},"o":{"a":0,"k":100,"ix":4},"w":{"a":0,"k":6,"ix":5,"x":"var $bm_rt;\n$bm_rt = $bm_mul($bm_div(value, 1), comp('wired-outline-20-love-heart').layer('control').effect('stroke')('Menu'));"},"lc":2,"lj":2,"bm":0,"nm":".secondary","mn":"ADBE Vector Graphic - Stroke","hd":false,"cl":"secondary"},{"ty":"tr","p":{"a":0,"k":[0,0],"ix":2},"a":{"a":0,"k":[0,0],"ix":1},"s":{"a":0,"k":[100,100],"ix":3},"r":{"a":0,"k":19.267,"ix":6},"o":{"a":0,"k":100,"ix":7},"sk":{"a":0,"k":0,"ix":4},"sa":{"a":0,"k":0,"ix":5},"nm":"Transform"}],"nm":"Vector","np":2,"cix":2,"bm":0,"ix":1,"mn":"ADBE Vector Group","hd":false}],"ip":10,"op":900,"st":0,"bm":0},{"ddd":0,"ind":2,"ty":4,"nm":"mask","td":1,"sr":1,"ks":{"o":{"a":0,"k":100,"ix":11},"r":{"a":0,"k":0,"ix":10},"p":{"a":0,"k":[309.733,303.571,0],"ix":2,"l":2},"a":{"a":0,"k":[0,0,0],"ix":1,"l":2},"s":{"a":0,"k":[100,100,100],"ix":6,"l":2}},"ao":0,"shapes":[{"ty":"gr","it":[{"ind":0,"ty":"sh","ix":1,"ks":{"a":1,"k":[{"i":{"x":0.25,"y":1},"o":{"x":0.167,"y":0.167},"t":10,"s":[{"i":[[0,-0.514],[0.394,-0.392],[0,0],[0,0],[-0.79,0.783],[-0.516,0],[-0.394,-0.392],[0,0],[0,0],[-0.589,-0.067],[-0.335,-0.337]],"o":[[0,0.514],[0,0],[0,0],[-0.788,-0.785],[0.394,-0.392],[0.516,0],[0,0],[0,0],[0.451,-0.451],[0.439,0.049],[0.394,0.392]],"v":[[6.471,-9.567],[5.88,-8.147],[3.027,-5.302],[0.172,-8.147],[0.174,-10.988],[1.599,-11.576],[3.025,-10.988],[3.027,-10.986],[3.029,-10.988],[4.681,-11.565],[5.88,-10.988]],"c":true}]},{"t":30,"s":[{"i":[[0,-11.713],[8.974,-8.941],[0,0],[0,0],[-17.993,17.838],[-11.756,0],[-8.974,-8.941],[0,0],[0,0],[-13.417,-1.52],[-7.628,-7.69]],"o":[[0,11.713],[0,0],[0,0],[-17.949,-17.883],[8.974,-8.941],[11.756,0],[0,0],[0,0],[10.276,-10.283],[10.006,1.118],[8.974,8.941]],"v":[[78.5,-25.694],[65.039,6.674],[0.02,71.5],[-65.044,6.674],[-64.999,-58.062],[-32.512,-71.475],[-0.025,-58.062],[0.02,-58.018],[0.065,-58.062],[37.712,-71.206],[65.039,-58.062]],"c":true}]}],"ix":2},"nm":"Path 1","mn":"ADBE Vector Shape - Group","hd":false},{"ty":"fl","c":{"a":0,"k":[1,1,1,1],"ix":4},"o":{"a":0,"k":100,"ix":5},"r":1,"bm":0,"nm":"Fill 1","mn":"ADBE Vector Graphic - Fill","hd":false},{"ty":"tr","p":{"a":0,"k":[0,0],"ix":2},"a":{"a":0,"k":[0,0],"ix":1},"s":{"a":0,"k":[100,100],"ix":3},"r":{"a":0,"k":19.267,"ix":6},"o":{"a":0,"k":100,"ix":7},"sk":{"a":0,"k":0,"ix":4},"sa":{"a":0,"k":0,"ix":5},"nm":"Transform"}],"nm":"Vector","np":2,"cix":2,"bm":0,"ix":1,"mn":"ADBE Vector Group","hd":false}],"ip":10,"op":900,"st":0,"bm":0},{"ddd":0,"ind":3,"ty":4,"nm":"Warstwa 5","tt":2,"sr":1,"ks":{"o":{"a":0,"k":100,"ix":11},"r":{"a":1,"k":[{"i":{"x":[0.667],"y":[1]},"o":{"x":[0.333],"y":[0]},"t":0,"s":[0]},{"t":30,"s":[-10]}],"ix":10},"p":{"a":1,"k":[{"i":{"x":0.667,"y":1},"o":{"x":0.333,"y":0},"t":0,"s":[215,215,0],"to":[0,0,0],"ti":[0,0,0]},{"t":30,"s":[212,224,0]}],"ix":2,"l":2},"a":{"a":0,"k":[0,0,0],"ix":1,"l":2},"s":{"a":1,"k":[{"i":{"x":[0.667,0.667,0.667],"y":[1,1,1]},"o":{"x":[0.333,0.333,0.333],"y":[0,0,0]},"t":0,"s":[100,100,100]},{"i":{"x":[0.667,0.667,0.667],"y":[1,1,1]},"o":{"x":[0.333,0.333,0.333],"y":[0,0,0]},"t":15,"s":[90,90,100]},{"t":30,"s":[100,100,100]}],"ix":6,"l":2}},"ao":0,"shapes":[{"ty":"gr","it":[{"ind":0,"ty":"sh","ix":1,"ks":{"a":1,"k":[{"i":{"x":0.667,"y":1},"o":{"x":0.333,"y":0},"t":0,"s":[{"i":[[0,0],[0,26.18],[19.992,19.992],[22.257,2.503],[22.925,-22.946],[0,0],[0,0],[26.18,0],[19.992,-19.992],[-40.029,-39.988],[0,0]],"o":[[19.992,-19.992],[0,-26.222],[-17.063,-17.08],[-29.9,-3.363],[0,0],[0,0],[-19.992,-19.992],[-26.222,0],[-40.029,39.988],[0,0],[0,0]],"v":[[144.945,14.956],[174.979,-57.438],[144.945,-129.874],[84.038,-159.25],[0.119,-129.874],[-0.004,-129.752],[-0.13,-129.874],[-72.524,-159.908],[-144.956,-129.874],[-144.956,14.956],[-0.004,159.908]],"c":true}]},{"t":30,"s":[{"i":[[0,0],[0,24.99],[19.13,19.093],[21.307,2.39],[21.947,-21.903],[0,0],[0,0],[25.063,0],[19.149,-19.073],[-38.322,-38.169],[0,0]],"o":[[19.139,-19.083],[0,-25.03],[-16.335,-16.303],[-28.625,-3.211],[0,0],[0,0],[-19.139,-19.083],[-25.104,0],[-38.322,38.169],[0,0],[0,0]],"v":[[138.549,13.759],[167.302,-55.343],[138.549,-124.485],[80.24,-152.525],[-0.1,-124.485],[-0.217,-124.368],[-0.338,-124.485],[-69.644,-153.153],[-138.987,-124.485],[-138.987,13.759],[-0.217,152.121]],"c":true}]}],"ix":2},"nm":"Path 1","mn":"ADBE Vector Shape - Group","hd":false},{"ty":"st","c":{"a":0,"k":[0.776,0.612,0.957,1],"ix":3,"x":"var $bm_rt;\n$bm_rt = comp('wired-outline-20-love-heart').layer('control').effect('primary')('Color');"},"o":{"a":0,"k":100,"ix":4},"w":{"a":0,"k":6,"ix":5,"x":"var $bm_rt;\n$bm_rt = $bm_mul($bm_div(value, 1), comp('wired-outline-20-love-heart').layer('control').effect('stroke')('Menu'));"},"lc":2,"lj":2,"bm":0,"nm":".primary","mn":"ADBE Vector Graphic - Stroke","hd":false,"cl":"primary"},{"ty":"tr","p":{"a":0,"k":[0,0],"ix":2},"a":{"a":0,"k":[0,0],"ix":1},"s":{"a":0,"k":[100,100],"ix":3},"r":{"a":0,"k":0,"ix":6},"o":{"a":0,"k":100,"ix":7},"sk":{"a":0,"k":0,"ix":4},"sa":{"a":0,"k":0,"ix":5},"nm":"Transform"}],"nm":"Group 1","np":2,"cix":2,"bm":0,"ix":1,"mn":"ADBE Vector Group","hd":false}],"ip":0,"op":48,"st":0,"bm":0}]},{"id":"comp_10","nm":"morph-match","fr":60,"layers":[{"ddd":0,"ind":1,"ty":4,"nm":"right","parent":3,"sr":1,"ks":{"o":{"a":0,"k":100,"ix":11},"r":{"a":0,"k":0,"ix":10},"p":{"a":0,"k":[67.522,0,0],"ix":2,"l":2},"a":{"a":0,"k":[0,0,0],"ix":1,"l":2},"s":{"a":0,"k":[100,100,100],"ix":6,"l":2}},"ao":0,"shapes":[{"ty":"gr","it":[{"ind":0,"ty":"sh","ix":1,"ks":{"a":0,"k":{"i":[[0,0],[0,0],[0,26.212],[20.009,20.009],[22.31,2.501],[22.91,-23.01],[0,0],[0,0]],"o":[[0,0],[20.009,-20.009],[0,-26.212],[-17.008,-17.208],[-29.913,-3.402],[0,0],[0,0],[0,0]],"v":[[-67.456,160],[77.509,14.935],[107.522,-57.497],[77.509,-129.93],[16.581,-159.343],[-67.356,-129.93],[-67.456,-129.83],[-67.556,-129.93]],"c":false},"ix":2},"nm":"Path 1","mn":"ADBE Vector Shape - Group","hd":false},{"ind":1,"ty":"sh","ix":2,"ks":{"a":1,"k":[{"i":{"x":0.37,"y":1},"o":{"x":0.167,"y":0.167},"t":13,"s":[{"i":[[0,0],[0,0],[0,0],[0,-0.135],[0,0],[0,0.01]],"o":[[0,0],[0,-0.01],[0,0],[0,0.135],[0,0],[0,0]],"v":[[-67.522,160],[-67.522,64.251],[-67.522,64.236],[-67.522,64.48],[-67.522,64.724],[-67.522,64.709]],"c":false}]},{"t":30,"s":[{"i":[[0,0],[0,0],[-3.2,0],[0,14.72],[14.613,0],[5.547,-1.067]],"o":[[0,0],[5.44,1.067],[14.72,0],[0,-14.72],[-3.2,0],[0,0]],"v":[[-67.522,160],[-67.522,89.44],[-54.082,91.04],[-27.522,64.48],[-54.082,37.92],[-67.522,39.52]],"c":false}]}],"ix":2},"nm":"Path 2","mn":"ADBE Vector Shape - Group","hd":false},{"ind":2,"ty":"sh","ix":3,"ks":{"a":1,"k":[{"i":{"x":0.37,"y":1},"o":{"x":0.167,"y":0.167},"t":13,"s":[{"i":[[0,0],[0,0],[0,0],[0,0],[0,0],[0,0],[0,0]],"o":[[0,0],[0,0],[0,0],[0,0],[0,0],[0,0],[0,0]],"v":[[-67.522,-130],[-67.522,-60.52],[-67.522,-60.52],[-67.522,-60.52],[-67.522,-60.52],[-67.522,-60.52],[-67.522,64.709]],"c":false}]},{"t":30,"s":[{"i":[[0,0],[0,0],[3.2,0],[0,-14.72],[-14.72,0],[-5.44,1.067],[0,0]],"o":[[0,0],[-5.547,-1.067],[-14.613,0],[0,14.72],[3.2,0],[0,0],[0,0]],"v":[[-67.522,-130],[-67.522,-85.48],[-80.962,-87.08],[-107.522,-60.52],[-80.962,-33.96],[-67.522,-35.56],[-67.522,39.5]],"c":false}]}],"ix":2},"nm":"Path 3","mn":"ADBE Vector Shape - Group","hd":false},{"ty":"mm","mm":1,"nm":"Merge Paths 1","mn":"ADBE Vector Filter - Merge","hd":false},{"ty":"st","c":{"a":0,"k":[0.31,0.063,0.569,1],"ix":3,"x":"var $bm_rt;\n$bm_rt = comp('wired-outline-20-love-heart').layer('control').effect('secondary')('Color');"},"o":{"a":0,"k":100,"ix":4},"w":{"a":0,"k":6,"ix":5,"x":"var $bm_rt;\n$bm_rt = $bm_mul($bm_div(value, 1), comp('wired-outline-20-love-heart').layer('control').effect('stroke')('Menu'));"},"lc":2,"lj":2,"bm":0,"nm":".secondary","mn":"ADBE Vector Graphic - Stroke","hd":false,"cl":"secondary"},{"ty":"tr","p":{"a":0,"k":[0,0],"ix":2},"a":{"a":0,"k":[0,0],"ix":1},"s":{"a":0,"k":[100,100],"ix":3},"r":{"a":0,"k":0,"ix":6},"o":{"a":0,"k":100,"ix":7},"sk":{"a":0,"k":0,"ix":4},"sa":{"a":0,"k":0,"ix":5},"nm":"Transform"}],"nm":"right","np":5,"cix":2,"bm":0,"ix":1,"mn":"ADBE Vector Group","hd":false}],"ip":13,"op":1800,"st":0,"bm":0},{"ddd":0,"ind":2,"ty":4,"nm":"left","parent":3,"sr":1,"ks":{"o":{"a":0,"k":100,"ix":11},"r":{"a":0,"k":0,"ix":10},"p":{"a":0,"k":[-87.417,0.028,0],"ix":2,"l":2},"a":{"a":0,"k":[0,0,0],"ix":1,"l":2},"s":{"a":0,"k":[100,100,100],"ix":6,"l":2}},"ao":0,"shapes":[{"ty":"gr","it":[{"ind":0,"ty":"sh","ix":1,"ks":{"a":0,"k":{"i":[[0,0],[0,0],[-40.118,39.918],[-26.212,0],[-20.009,-20.009],[0,0],[0,0]],"o":[[0,0],[-40.018,-40.018],[20.009,-20.009],[26.212,0],[0,0],[0,0],[0,0]],"v":[[87.483,159.972],[-57.582,14.907],[-57.482,-129.958],[14.95,-159.972],[87.383,-129.958],[87.483,-129.858],[87.583,-129.958]],"c":false},"ix":2},"nm":"Path 1","mn":"ADBE Vector Shape - Group","hd":false},{"ty":"st","c":{"a":0,"k":[0.776,0.612,0.957,1],"ix":3,"x":"var $bm_rt;\n$bm_rt = comp('wired-outline-20-love-heart').layer('control').effect('primary')('Color');"},"o":{"a":0,"k":100,"ix":4},"w":{"a":0,"k":6,"ix":5,"x":"var $bm_rt;\n$bm_rt = $bm_mul($bm_div(value, 1), comp('wired-outline-20-love-heart').layer('control').effect('stroke')('Menu'));"},"lc":2,"lj":2,"bm":0,"nm":".primary","mn":"ADBE Vector Graphic - Stroke","hd":false,"cl":"primary"},{"ty":"tr","p":{"a":0,"k":[0,0],"ix":2},"a":{"a":0,"k":[0,0],"ix":1},"s":{"a":0,"k":[100,100],"ix":3},"r":{"a":0,"k":0,"ix":6},"o":{"a":0,"k":100,"ix":7},"sk":{"a":0,"k":0,"ix":4},"sa":{"a":0,"k":0,"ix":5},"nm":"Transform"}],"nm":"left","np":2,"cix":2,"bm":0,"ix":1,"mn":"ADBE Vector Group","hd":false}],"ip":13,"op":1800,"st":0,"bm":0},{"ddd":0,"ind":3,"ty":4,"nm":"Warstwa 5","sr":1,"ks":{"o":{"a":1,"k":[{"t":0,"s":[100],"h":1},{"t":13,"s":[0],"h":1}],"ix":11},"r":{"a":0,"k":0,"ix":10},"p":{"a":0,"k":[215,215,0],"ix":2,"l":2},"a":{"a":0,"k":[0,0,0],"ix":1,"l":2},"s":{"a":1,"k":[{"i":{"x":[0.667,0.667,0.667],"y":[1,1,1]},"o":{"x":[1,1,0.78],"y":[0,0,0]},"t":0,"s":[100,100,100]},{"i":{"x":[0.22,0.22,0.22],"y":[1,1,1]},"o":{"x":[0.333,0.333,0.333],"y":[0,0,0]},"t":13,"s":[72,72,100]},{"t":30,"s":[100,100,100]}],"ix":6,"l":2}},"ao":0,"shapes":[{"ty":"gr","it":[{"ind":0,"ty":"sh","ix":1,"ks":{"a":0,"k":{"i":[[0,0],[0,26.18],[19.992,19.992],[22.257,2.503],[22.925,-22.946],[0,0],[0,0],[26.18,0],[19.992,-19.992],[-40.029,-39.988],[0,0]],"o":[[19.992,-19.992],[0,-26.222],[-17.063,-17.08],[-29.9,-3.363],[0,0],[0,0],[-19.992,-19.992],[-26.222,0],[-40.029,39.988],[0,0],[0,0]],"v":[[144.945,14.956],[174.979,-57.438],[144.945,-129.874],[84.038,-159.25],[0.119,-129.874],[-0.004,-129.752],[-0.13,-129.874],[-72.524,-159.908],[-144.956,-129.874],[-144.956,14.956],[-0.004,159.908]],"c":true},"ix":2},"nm":"Path 1","mn":"ADBE Vector Shape - Group","hd":false},{"ty":"st","c":{"a":0,"k":[0.776,0.612,0.957,1],"ix":3,"x":"var $bm_rt;\n$bm_rt = comp('wired-outline-20-love-heart').layer('control').effect('primary')('Color');"},"o":{"a":0,"k":100,"ix":4},"w":{"a":0,"k":6,"ix":5,"x":"var $bm_rt;\n$bm_rt = $bm_mul($bm_div(value, 1), comp('wired-outline-20-love-heart').layer('control').effect('stroke')('Menu'));"},"lc":2,"lj":2,"bm":0,"nm":".primary","mn":"ADBE Vector Graphic - Stroke","hd":false,"cl":"primary"},{"ty":"tr","p":{"a":0,"k":[0,0],"ix":2},"a":{"a":0,"k":[0,0],"ix":1},"s":{"a":0,"k":[100,100],"ix":3},"r":{"a":0,"k":0,"ix":6},"o":{"a":0,"k":100,"ix":7},"sk":{"a":0,"k":0,"ix":4},"sa":{"a":0,"k":0,"ix":5},"nm":"Transform"}],"nm":"Group 1","np":2,"cix":2,"bm":0,"ix":1,"mn":"ADBE Vector Group","hd":false}],"ip":0,"op":48,"st":0,"bm":0}]},{"id":"comp_11","nm":"hover-match","fr":60,"layers":[{"ddd":0,"ind":1,"ty":3,"nm":"NULL","sr":1,"ks":{"o":{"a":0,"k":0,"ix":11},"r":{"a":1,"k":[{"i":{"x":[0.415],"y":[1]},"o":{"x":[0.167],"y":[0.167]},"t":90,"s":[0]},{"i":{"x":[0.667],"y":[1]},"o":{"x":[0.333],"y":[0]},"t":105,"s":[-7]},{"t":120,"s":[0]}],"ix":10},"p":{"a":1,"k":[{"i":{"x":0.289,"y":1},"o":{"x":0.167,"y":0.167},"t":90,"s":[215,215,0],"to":[0,0,0],"ti":[0,0,0]},{"i":{"x":0.667,"y":1},"o":{"x":0.333,"y":0},"t":100,"s":[209,198,0],"to":[0,0,0],"ti":[0,0,0]},{"t":115,"s":[215,215,0]}],"ix":2,"l":2},"a":{"a":0,"k":[50,50,0],"ix":1,"l":2},"s":{"a":0,"k":[100,100,100],"ix":6,"l":2}},"ao":0,"ip":0,"op":300,"st":0,"bm":0},{"ddd":0,"ind":2,"ty":4,"nm":"right","parent":1,"sr":1,"ks":{"o":{"a":0,"k":100,"ix":11},"r":{"a":1,"k":[{"i":{"x":[0],"y":[1]},"o":{"x":[0.333],"y":[0]},"t":0,"s":[0]},{"i":{"x":[0.895],"y":[1]},"o":{"x":[0.854],"y":[0]},"t":60,"s":[27]},{"t":90,"s":[0]}],"ix":10},"p":{"a":1,"k":[{"i":{"x":0,"y":1},"o":{"x":0.333,"y":0},"t":0,"s":[117.522,50,0],"to":[0,0,0],"ti":[0,0,0]},{"i":{"x":0.895,"y":1},"o":{"x":0.854,"y":0},"t":60,"s":[118.522,141,0],"to":[0,0,0],"ti":[0,0,0]},{"t":90,"s":[117.522,50,0]}],"ix":2,"l":2},"a":{"a":0,"k":[0,0,0],"ix":1,"l":2},"s":{"a":0,"k":[100,100,100],"ix":6,"l":2}},"ao":0,"shapes":[{"ty":"gr","it":[{"ind":0,"ty":"sh","ix":1,"ks":{"a":0,"k":{"i":[[0,0],[0,0],[0,26.212],[20.009,20.009],[22.31,2.501],[22.91,-23.01],[0,0],[0,0]],"o":[[0,0],[20.009,-20.009],[0,-26.212],[-17.008,-17.208],[-29.913,-3.402],[0,0],[0,0],[0,0]],"v":[[-67.456,160],[77.509,14.935],[107.522,-57.497],[77.509,-129.93],[16.581,-159.343],[-67.356,-129.93],[-67.456,-129.83],[-67.556,-129.93]],"c":false},"ix":2},"nm":"Path 1","mn":"ADBE Vector Shape - Group","hd":false},{"ind":1,"ty":"sh","ix":2,"ks":{"a":0,"k":{"i":[[0,0],[0,0],[-3.2,0],[0,14.72],[14.613,0],[5.547,-1.067]],"o":[[0,0],[5.44,1.067],[14.72,0],[0,-14.72],[-3.2,0],[0,0]],"v":[[-67.522,160],[-67.522,89.44],[-54.082,91.04],[-27.522,64.48],[-54.082,37.92],[-67.522,39.52]],"c":false},"ix":2},"nm":"Path 2","mn":"ADBE Vector Shape - Group","hd":false},{"ind":2,"ty":"sh","ix":3,"ks":{"a":0,"k":{"i":[[0,0],[0,0],[3.2,0],[0,-14.72],[-14.72,0],[-5.44,1.067],[0,0]],"o":[[0,0],[-5.547,-1.067],[-14.613,0],[0,14.72],[3.2,0],[0,0],[0,0]],"v":[[-67.522,-130],[-67.522,-85.48],[-80.962,-87.08],[-107.522,-60.52],[-80.962,-33.96],[-67.522,-35.56],[-67.522,39.5]],"c":false},"ix":2},"nm":"Path 3","mn":"ADBE Vector Shape - Group","hd":false},{"ty":"st","c":{"a":0,"k":[0.31,0.063,0.569,1],"ix":3,"x":"var $bm_rt;\n$bm_rt = comp('wired-outline-20-love-heart').layer('control').effect('secondary')('Color');"},"o":{"a":0,"k":100,"ix":4},"w":{"a":0,"k":6,"ix":5,"x":"var $bm_rt;\n$bm_rt = $bm_mul($bm_div(value, 1), comp('wired-outline-20-love-heart').layer('control').effect('stroke')('Menu'));"},"lc":2,"lj":2,"bm":0,"nm":".secondary","mn":"ADBE Vector Graphic - Stroke","hd":false,"cl":"secondary"},{"ty":"tr","p":{"a":0,"k":[0,0],"ix":2},"a":{"a":0,"k":[0,0],"ix":1},"s":{"a":0,"k":[100,100],"ix":3},"r":{"a":0,"k":0,"ix":6},"o":{"a":0,"k":100,"ix":7},"sk":{"a":0,"k":0,"ix":4},"sa":{"a":0,"k":0,"ix":5},"nm":"Transform"}],"nm":"right","np":4,"cix":2,"bm":0,"ix":1,"mn":"ADBE Vector Group","hd":false}],"ip":0,"op":1787,"st":-13,"bm":0},{"ddd":0,"ind":3,"ty":4,"nm":"left","parent":1,"sr":1,"ks":{"o":{"a":0,"k":100,"ix":11},"r":{"a":1,"k":[{"i":{"x":[0.804],"y":[0.864]},"o":{"x":[0.558],"y":[0]},"t":0,"s":[0]},{"i":{"x":[0.522],"y":[0.98]},"o":{"x":[0.296],"y":[0.084]},"t":8.75,"s":[9.088]},{"i":{"x":[0.361],"y":[1]},"o":{"x":[0.121],"y":[-0.029]},"t":17,"s":[30.042]},{"i":{"x":[0.815],"y":[1.445]},"o":{"x":[0.517],"y":[0]},"t":60,"s":[11]},{"i":{"x":[0.776],"y":[0.916]},"o":{"x":[0.473],"y":[0.1]},"t":82,"s":[16.419]},{"i":{"x":[0.687],"y":[1]},"o":{"x":[0.43],"y":[0.584]},"t":87,"s":[2.342]},{"t":90,"s":[0]}],"ix":10},"p":{"a":1,"k":[{"i":{"x":0.804,"y":0.359},"o":{"x":0.558,"y":0},"t":0,"s":[-37.417,50.028,0],"to":[0,0,0],"ti":[0,0,0]},{"i":{"x":0.135,"y":1},"o":{"x":0.101,"y":0.405},"t":8.75,"s":[-47.388,44.729,0],"to":[0,0,0],"ti":[0,0,0]},{"i":{"x":0.887,"y":0.691},"o":{"x":0.666,"y":0},"t":60,"s":[-79.417,1.028,0],"to":[0,0,0],"ti":[0,0,0]},{"i":{"x":0.687,"y":1},"o":{"x":0.43,"y":0.466},"t":87,"s":[-53.36,56.595,0],"to":[0,0,0],"ti":[0,0,0]},{"t":90,"s":[-37.417,50.028,0]}],"ix":2,"l":2},"a":{"a":0,"k":[0,0,0],"ix":1,"l":2},"s":{"a":0,"k":[100,100,100],"ix":6,"l":2}},"ao":0,"shapes":[{"ty":"gr","it":[{"ind":0,"ty":"sh","ix":1,"ks":{"a":0,"k":{"i":[[0,0],[0,0],[-3.2,0],[0,14.72],[14.613,0],[5.547,-1.067]],"o":[[0,0],[5.44,1.067],[14.72,0],[0,-14.72],[-3.2,0],[0,0]],"v":[[87.478,160],[87.478,89.44],[100.918,91.04],[127.478,64.48],[100.918,37.92],[87.478,39.52]],"c":false},"ix":2},"nm":"Path 2","mn":"ADBE Vector Shape - Group","hd":false},{"ind":1,"ty":"sh","ix":2,"ks":{"a":0,"k":{"i":[[0,0],[0,0],[3.2,0],[0,-14.72],[-14.72,0],[-5.44,1.067],[0,0]],"o":[[0,0],[-5.547,-1.067],[-14.613,0],[0,14.72],[3.2,0],[0,0],[0,0]],"v":[[87.478,-130],[87.478,-85.48],[74.038,-87.08],[47.478,-60.52],[74.038,-33.96],[87.478,-35.56],[87.478,39.5]],"c":false},"ix":2},"nm":"Path 3","mn":"ADBE Vector Shape - Group","hd":false},{"ty":"st","c":{"a":0,"k":[0.776,0.612,0.957,1],"ix":3,"x":"var $bm_rt;\n$bm_rt = comp('wired-outline-20-love-heart').layer('control').effect('primary')('Color');"},"o":{"a":0,"k":100,"ix":4},"w":{"a":0,"k":6,"ix":5,"x":"var $bm_rt;\n$bm_rt = $bm_mul($bm_div(value, 1), comp('wired-outline-20-love-heart').layer('control').effect('stroke')('Menu'));"},"lc":2,"lj":2,"bm":0,"nm":".primary","mn":"ADBE Vector Graphic - Stroke","hd":false,"cl":"primary"},{"ty":"tr","p":{"a":0,"k":[0,0],"ix":2},"a":{"a":0,"k":[0,0],"ix":1},"s":{"a":0,"k":[100,100],"ix":3},"r":{"a":0,"k":0,"ix":6},"o":{"a":1,"k":[{"t":0,"s":[0],"h":1},{"t":8.75,"s":[100],"h":1}],"ix":7},"sk":{"a":0,"k":0,"ix":4},"sa":{"a":0,"k":0,"ix":5},"nm":"Transform"}],"nm":"left 2","np":3,"cix":2,"bm":0,"ix":1,"mn":"ADBE Vector Group","hd":false},{"ty":"gr","it":[{"ind":0,"ty":"sh","ix":1,"ks":{"a":0,"k":{"i":[[0,0],[0,0],[-40.118,39.918],[-26.212,0],[-20.009,-20.009],[0,0],[0,0]],"o":[[0,0],[-40.018,-40.018],[20.009,-20.009],[26.212,0],[0,0],[0,0],[0,0]],"v":[[87.483,159.972],[-57.582,14.907],[-57.482,-129.958],[14.95,-159.972],[87.383,-129.958],[87.483,-129.858],[87.583,-129.958]],"c":false},"ix":2},"nm":"Path 1","mn":"ADBE Vector Shape - Group","hd":false},{"ty":"st","c":{"a":0,"k":[0.776,0.612,0.957,1],"ix":3,"x":"var $bm_rt;\n$bm_rt = comp('wired-outline-20-love-heart').layer('control').effect('primary')('Color');"},"o":{"a":0,"k":100,"ix":4},"w":{"a":0,"k":6,"ix":5,"x":"var $bm_rt;\n$bm_rt = $bm_mul($bm_div(value, 1), comp('wired-outline-20-love-heart').layer('control').effect('stroke')('Menu'));"},"lc":2,"lj":2,"bm":0,"nm":".primary","mn":"ADBE Vector Graphic - Stroke","hd":false,"cl":"primary"},{"ty":"tr","p":{"a":0,"k":[0,0],"ix":2},"a":{"a":0,"k":[0,0],"ix":1},"s":{"a":0,"k":[100,100],"ix":3},"r":{"a":0,"k":0,"ix":6},"o":{"a":0,"k":100,"ix":7},"sk":{"a":0,"k":0,"ix":4},"sa":{"a":0,"k":0,"ix":5},"nm":"Transform"}],"nm":"left","np":2,"cix":2,"bm":0,"ix":2,"mn":"ADBE Vector Group","hd":false}],"ip":0,"op":1787,"st":-13,"bm":0}]}],"layers":[{"ddd":0,"ind":1,"ty":3,"nm":"control","sr":1,"ks":{"o":{"a":0,"k":0,"ix":11},"r":{"a":0,"k":0,"ix":10},"p":{"a":0,"k":[0,0],"ix":2,"l":2},"a":{"a":0,"k":[0,0,0],"ix":1,"l":2},"s":{"a":0,"k":[100,100,100],"ix":6,"l":2}},"ao":0,"ef":[{"ty":5,"nm":"stroke","np":3,"mn":"Pseudo/@@0sU/i0Y5QsOlL2ZwqM8ziQ","ix":1,"en":1,"ef":[{"ty":7,"nm":"Menu","mn":"Pseudo/@@0sU/i0Y5QsOlL2ZwqM8ziQ-0001","ix":1,"v":{"a":0,"k":1,"ix":1}}]},{"ty":5,"nm":"primary","np":3,"mn":"ADBE Color Control","ix":2,"en":1,"ef":[{"ty":2,"nm":"Color","mn":"ADBE Color Control-0001","ix":1,"v":{"a":0,"k":[0.776,0.612,0.957],"ix":1}}]},{"ty":5,"nm":"secondary","np":3,"mn":"ADBE Color Control","ix":3,"en":1,"ef":[{"ty":2,"nm":"Color","mn":"ADBE Color Control-0001","ix":1,"v":{"a":0,"k":[0.31,0.063,0.569],"ix":1}}]}],"ip":0,"op":621,"st":0,"bm":0},{"ddd":0,"ind":2,"ty":0,"nm":"in-reveal","refId":"comp_0","sr":1,"ks":{"o":{"a":0,"k":100,"ix":11},"r":{"a":0,"k":0,"ix":10},"p":{"a":0,"k":[215,215,0],"ix":2,"l":2},"a":{"a":0,"k":[215,215,0],"ix":1,"l":2},"s":{"a":0,"k":[100,100,100],"ix":6,"l":2}},"ao":0,"w":430,"h":430,"ip":0,"op":70,"st":0,"bm":0},{"ddd":0,"ind":3,"ty":0,"nm":"hover-heartbeat","refId":"comp_1","sr":1,"ks":{"o":{"a":0,"k":100,"ix":11},"r":{"a":0,"k":0,"ix":10},"p":{"a":0,"k":[215,215,0],"ix":2,"l":2},"a":{"a":0,"k":[215,215,0],"ix":1,"l":2},"s":{"a":0,"k":[100,100,100],"ix":6,"l":2}},"ao":0,"w":430,"h":430,"ip":70,"op":140,"st":70,"bm":0},{"ddd":0,"ind":4,"ty":0,"nm":"hover-heartbeat-alt","refId":"comp_2","sr":1,"ks":{"o":{"a":0,"k":100,"ix":11},"r":{"a":0,"k":0,"ix":10},"p":{"a":0,"k":[215,215,0],"ix":2,"l":2},"a":{"a":0,"k":[215,215,0],"ix":1,"l":2},"s":{"a":0,"k":[100,100,100],"ix":6,"l":2}},"ao":0,"w":430,"h":430,"ip":140,"op":210,"st":140,"bm":0},{"ddd":0,"ind":5,"ty":0,"nm":"morph-cross","refId":"comp_3","sr":1,"ks":{"o":{"a":0,"k":100,"ix":11},"r":{"a":0,"k":0,"ix":10},"p":{"a":0,"k":[215,215,0],"ix":2,"l":2},"a":{"a":0,"k":[215,215,0],"ix":1,"l":2},"s":{"a":0,"k":[100,100,100],"ix":6,"l":2}},"ao":0,"w":430,"h":430,"ip":210,"op":235,"st":210,"bm":0},{"ddd":0,"ind":6,"ty":0,"nm":"hover-cross","refId":"comp_4","sr":1,"ks":{"o":{"a":0,"k":100,"ix":11},"r":{"a":0,"k":0,"ix":10},"p":{"a":0,"k":[215,215,0],"ix":2,"l":2},"a":{"a":0,"k":[215,215,0],"ix":1,"l":2},"s":{"a":0,"k":[100,100,100],"ix":6,"l":2}},"ao":0,"w":430,"h":430,"ip":235,"op":275,"st":235,"bm":0},{"ddd":0,"ind":7,"ty":0,"nm":"morph-glitter","refId":"comp_5","sr":1,"ks":{"o":{"a":0,"k":100,"ix":11},"r":{"a":0,"k":0,"ix":10},"p":{"a":0,"k":[215,215,0],"ix":2,"l":2},"a":{"a":0,"k":[215,215,0],"ix":1,"l":2},"s":{"a":0,"k":[100,100,100],"ix":6,"l":2}},"ao":0,"w":430,"h":430,"ip":275,"op":315,"st":275,"bm":0},{"ddd":0,"ind":8,"ty":0,"nm":"morph-half","refId":"comp_6","sr":1,"ks":{"o":{"a":0,"k":100,"ix":11},"r":{"a":0,"k":0,"ix":10},"p":{"a":0,"k":[215,215,0],"ix":2,"l":2},"a":{"a":0,"k":[215,215,0],"ix":1,"l":2},"s":{"a":0,"k":[100,100,100],"ix":6,"l":2}},"ao":0,"w":430,"h":430,"ip":315,"op":355,"st":315,"bm":0},{"ddd":0,"ind":9,"ty":0,"nm":"morph-heart-broken","refId":"comp_7","sr":1,"ks":{"o":{"a":0,"k":100,"ix":11},"r":{"a":0,"k":0,"ix":10},"p":{"a":0,"k":[215,215,0],"ix":2,"l":2},"a":{"a":0,"k":[215,215,0],"ix":1,"l":2},"s":{"a":0,"k":[100,100,100],"ix":6,"l":2}},"ao":0,"w":430,"h":430,"ip":355,"op":380,"st":355,"bm":0},{"ddd":0,"ind":10,"ty":0,"nm":"morph-slider","refId":"comp_8","sr":1,"ks":{"o":{"a":0,"k":100,"ix":11},"r":{"a":0,"k":0,"ix":10},"p":{"a":0,"k":[215,215,0],"ix":2,"l":2},"a":{"a":0,"k":[215,215,0],"ix":1,"l":2},"s":{"a":0,"k":[100,100,100],"ix":6,"l":2}},"ao":0,"w":430,"h":430,"ip":380,"op":420,"st":380,"bm":0},{"ddd":0,"ind":11,"ty":0,"nm":"morph-two-hearts","refId":"comp_9","sr":1,"ks":{"o":{"a":0,"k":100,"ix":11},"r":{"a":0,"k":0,"ix":10},"p":{"a":0,"k":[215,215,0],"ix":2,"l":2},"a":{"a":0,"k":[215,215,0],"ix":1,"l":2},"s":{"a":0,"k":[100,100,100],"ix":6,"l":2}},"ao":0,"w":430,"h":430,"ip":420,"op":460,"st":420,"bm":0},{"ddd":0,"ind":12,"ty":0,"nm":"morph-match","refId":"comp_10","sr":1,"ks":{"o":{"a":0,"k":100,"ix":11},"r":{"a":0,"k":0,"ix":10},"p":{"a":0,"k":[215,215,0],"ix":2,"l":2},"a":{"a":0,"k":[215,215,0],"ix":1,"l":2},"s":{"a":0,"k":[100,100,100],"ix":6,"l":2}},"ao":0,"w":430,"h":430,"ip":460,"op":500,"st":460,"bm":0},{"ddd":0,"ind":13,"ty":0,"nm":"hover-match","refId":"comp_11","sr":1,"ks":{"o":{"a":0,"k":100,"ix":11},"r":{"a":0,"k":0,"ix":10},"p":{"a":0,"k":[215,215,0],"ix":2,"l":2},"a":{"a":0,"k":[215,215,0],"ix":1,"l":2},"s":{"a":0,"k":[100,100,100],"ix":6,"l":2}},"ao":0,"w":430,"h":430,"ip":500,"op":630,"st":500,"bm":0}],"markers":[{"tm":0,"cm":"in-reveal","dr":60},{"tm":70,"cm":"hover-heartbeat","dr":60},{"tm":140,"cm":"hover-heartbeat-alt","dr":60},{"tm":210,"cm":"morph-cross","dr":15},{"tm":235,"cm":"hover-cross","dr":30},{"tm":275,"cm":"morph-glitter","dr":30},{"tm":315,"cm":"morph-half","dr":30},{"tm":355,"cm":"morph-heart-broken","dr":15},{"tm":380,"cm":"morph-slider","dr":30},{"tm":420,"cm":"default:morph-two-hearts","dr":30},{"tm":460,"cm":"morph-match","dr":30},{"tm":500,"cm":"hover-match","dr":120}]}