{"v":"5.9.0","fr":29.9700012207031,"ip":0,"op":195.000007942513,"w":1540,"h":870,"nm":"Web","ddd":0,"assets":[{"id":"comp_0","nm":"Disc Brake 2","fr":30,"layers":[{"ddd":0,"ind":1,"ty":4,"nm":"CHUNK 2","parent":26,"sr":1,"ks":{"o":{"a":0,"k":100,"ix":11},"r":{"a":0,"k":1.075,"ix":10},"p":{"a":0,"k":[0.079,0.254,0],"ix":2,"l":2},"a":{"a":0,"k":[84.5,83.5,0],"ix":1,"l":2},"s":{"a":0,"k":[101.01,101.01,100],"ix":6,"l":2}},"ao":0,"shapes":[{"ind":0,"ty":"sh","ix":1,"ks":{"a":0,"k":{"i":[[0,0],[0,0]],"o":[[0,0],[0,0]],"v":[[114.964,9.669],[132.328,19.593]],"c":false},"ix":2},"nm":"Path 1","mn":"ADBE Vector Shape - Group","hd":false},{"ty":"st","c":{"a":0,"k":[1,0,0.01568627451,1],"ix":3},"o":{"a":0,"k":100,"ix":4},"w":{"a":0,"k":5.72,"ix":5},"lc":3,"lj":1,"ml":1.56,"bm":0,"nm":"Stroke 1","mn":"ADBE Vector Graphic - Stroke","hd":false},{"ty":"tm","s":{"a":0,"k":0,"ix":1},"e":{"a":1,"k":[{"i":{"x":[0.295],"y":[1]},"o":{"x":[0.553],"y":[0]},"t":2.997,"s":[0]},{"i":{"x":[0.833],"y":[1]},"o":{"x":[0.167],"y":[0]},"t":9.99,"s":[100]},{"i":{"x":[0.833],"y":[1]},"o":{"x":[0.167],"y":[0]},"t":159.84,"s":[100]},{"t":163.836006673177,"s":[0]}],"ix":2},"o":{"a":0,"k":0,"ix":3},"m":1,"ix":3,"nm":"Trim Paths 1","mn":"ADBE Vector Filter - Trim","hd":false}],"ip":0,"op":2697.30010986328,"st":0,"bm":0},{"ddd":0,"ind":2,"ty":4,"nm":"CHUNK 3","parent":26,"sr":1,"ks":{"o":{"a":0,"k":100,"ix":11},"r":{"a":0,"k":1.075,"ix":10},"p":{"a":0,"k":[0.079,0.254,0],"ix":2,"l":2},"a":{"a":0,"k":[84.5,83.5,0],"ix":1,"l":2},"s":{"a":0,"k":[101.01,101.01,100],"ix":6,"l":2}},"ao":0,"shapes":[{"ind":0,"ty":"sh","ix":1,"ks":{"a":0,"k":{"i":[[0,0],[0,0]],"o":[[0,0],[0,0]],"v":[[147.698,34.823],[157.78,52.096]],"c":false},"ix":2},"nm":"Path 1","mn":"ADBE Vector Shape - Group","hd":false},{"ty":"st","c":{"a":0,"k":[1,0,0.01568627451,1],"ix":3},"o":{"a":0,"k":100,"ix":4},"w":{"a":0,"k":5.72,"ix":5},"lc":3,"lj":1,"ml":1.56,"bm":0,"nm":"Stroke 1","mn":"ADBE Vector Graphic - Stroke","hd":false},{"ty":"tm","s":{"a":0,"k":0,"ix":1},"e":{"a":1,"k":[{"i":{"x":[0.295],"y":[1]},"o":{"x":[0.553],"y":[0]},"t":3.996,"s":[0]},{"i":{"x":[0.833],"y":[1]},"o":{"x":[0.167],"y":[0]},"t":10.989,"s":[100]},{"i":{"x":[0.833],"y":[1]},"o":{"x":[0.167],"y":[0]},"t":160.839,"s":[100]},{"t":164.835006713867,"s":[0]}],"ix":2},"o":{"a":0,"k":0,"ix":3},"m":1,"ix":3,"nm":"Trim Paths 1","mn":"ADBE Vector Filter - Trim","hd":false}],"ip":0,"op":2697.30010986328,"st":0,"bm":0},{"ddd":0,"ind":3,"ty":4,"nm":"CHUNK 4","parent":26,"sr":1,"ks":{"o":{"a":0,"k":100,"ix":11},"r":{"a":0,"k":1.075,"ix":10},"p":{"a":0,"k":[0.079,0.254,0],"ix":2,"l":2},"a":{"a":0,"k":[84.5,83.5,0],"ix":1,"l":2},"s":{"a":0,"k":[101.01,101.01,100],"ix":6,"l":2}},"ao":0,"shapes":[{"ind":0,"ty":"sh","ix":1,"ks":{"a":0,"k":{"i":[[0,0],[0,0]],"o":[[0,0],[0,0]],"v":[[163.533,73.366],[163.533,93.366]],"c":false},"ix":2},"nm":"Path 1","mn":"ADBE Vector Shape - Group","hd":false},{"ty":"st","c":{"a":0,"k":[1,0,0.01568627451,1],"ix":3},"o":{"a":0,"k":100,"ix":4},"w":{"a":0,"k":5.72,"ix":5},"lc":3,"lj":1,"ml":1.56,"bm":0,"nm":"Stroke 1","mn":"ADBE Vector Graphic - Stroke","hd":false},{"ty":"tm","s":{"a":0,"k":0,"ix":1},"e":{"a":1,"k":[{"i":{"x":[0.295],"y":[1]},"o":{"x":[0.553],"y":[0]},"t":4.995,"s":[0]},{"i":{"x":[0.295],"y":[1]},"o":{"x":[0.167],"y":[0]},"t":11.988,"s":[100]},{"i":{"x":[0.833],"y":[1]},"o":{"x":[0.167],"y":[0]},"t":161.838,"s":[100]},{"t":165.834006754557,"s":[0]}],"ix":2},"o":{"a":0,"k":0,"ix":3},"m":1,"ix":3,"nm":"Trim Paths 1","mn":"ADBE Vector Filter - Trim","hd":false}],"ip":0,"op":2697.30010986328,"st":0,"bm":0},{"ddd":0,"ind":4,"ty":4,"nm":"CHUNK 5","parent":26,"sr":1,"ks":{"o":{"a":0,"k":100,"ix":11},"r":{"a":0,"k":1.075,"ix":10},"p":{"a":0,"k":[0.079,0.254,0],"ix":2,"l":2},"a":{"a":0,"k":[84.5,83.5,0],"ix":1,"l":2},"s":{"a":0,"k":[101.01,101.01,100],"ix":6,"l":2}},"ao":0,"shapes":[{"ind":0,"ty":"sh","ix":1,"ks":{"a":0,"k":{"i":[[0,0],[0,0]],"o":[[0,0],[0,0]],"v":[[158.062,113.965],[148.138,131.329]],"c":false},"ix":2},"nm":"Path 1","mn":"ADBE Vector Shape - Group","hd":false},{"ty":"st","c":{"a":0,"k":[1,0,0.01568627451,1],"ix":3},"o":{"a":0,"k":100,"ix":4},"w":{"a":0,"k":5.72,"ix":5},"lc":3,"lj":1,"ml":1.56,"bm":0,"nm":"Stroke 1","mn":"ADBE Vector Graphic - Stroke","hd":false},{"ty":"tm","s":{"a":0,"k":0,"ix":1},"e":{"a":1,"k":[{"i":{"x":[0.295],"y":[1]},"o":{"x":[0.553],"y":[0]},"t":5.994,"s":[0]},{"i":{"x":[0.295],"y":[1]},"o":{"x":[0.167],"y":[0]},"t":12.987,"s":[100]},{"i":{"x":[0.833],"y":[1]},"o":{"x":[0.167],"y":[0]},"t":162.837,"s":[100]},{"t":166.833006795247,"s":[0]}],"ix":2},"o":{"a":0,"k":0,"ix":3},"m":1,"ix":3,"nm":"Trim Paths 1","mn":"ADBE Vector Filter - Trim","hd":false}],"ip":0,"op":2697.30010986328,"st":0,"bm":0},{"ddd":0,"ind":5,"ty":4,"nm":"CHUNK 6","parent":26,"sr":1,"ks":{"o":{"a":0,"k":100,"ix":11},"r":{"a":0,"k":1.075,"ix":10},"p":{"a":0,"k":[0.079,0.254,0],"ix":2,"l":2},"a":{"a":0,"k":[84.5,83.5,0],"ix":1,"l":2},"s":{"a":0,"k":[101.01,101.01,100],"ix":6,"l":2}},"ao":0,"shapes":[{"ind":0,"ty":"sh","ix":1,"ks":{"a":0,"k":{"i":[[0,0],[0,0]],"o":[[0,0],[0,0]],"v":[[132.908,146.699],[115.635,156.781]],"c":false},"ix":2},"nm":"Path 1","mn":"ADBE Vector Shape - Group","hd":false},{"ty":"st","c":{"a":0,"k":[1,0,0.01568627451,1],"ix":3},"o":{"a":0,"k":100,"ix":4},"w":{"a":0,"k":5.72,"ix":5},"lc":3,"lj":1,"ml":1.56,"bm":0,"nm":"Stroke 1","mn":"ADBE Vector Graphic - Stroke","hd":false},{"ty":"tm","s":{"a":0,"k":0,"ix":1},"e":{"a":1,"k":[{"i":{"x":[0.295],"y":[1]},"o":{"x":[0.553],"y":[0]},"t":6.993,"s":[0]},{"i":{"x":[0.295],"y":[1]},"o":{"x":[0.167],"y":[0]},"t":13.986,"s":[100]},{"i":{"x":[0.833],"y":[1]},"o":{"x":[0.167],"y":[0]},"t":163.836,"s":[100]},{"t":167.832006835937,"s":[0]}],"ix":2},"o":{"a":0,"k":0,"ix":3},"m":1,"ix":3,"nm":"Trim Paths 1","mn":"ADBE Vector Filter - Trim","hd":false}],"ip":0,"op":2697.30010986328,"st":0,"bm":0},{"ddd":0,"ind":6,"ty":4,"nm":"CHUNK 7","parent":26,"sr":1,"ks":{"o":{"a":0,"k":100,"ix":11},"r":{"a":0,"k":1.075,"ix":10},"p":{"a":0,"k":[0.079,0.254,0],"ix":2,"l":2},"a":{"a":0,"k":[84.5,83.5,0],"ix":1,"l":2},"s":{"a":0,"k":[101.01,101.01,100],"ix":6,"l":2}},"ao":0,"shapes":[{"ind":0,"ty":"sh","ix":1,"ks":{"a":0,"k":{"i":[[0,0],[0,0]],"o":[[0,0],[0,0]],"v":[[94.365,162.533],[74.365,162.533]],"c":false},"ix":2},"nm":"Path 1","mn":"ADBE Vector Shape - Group","hd":false},{"ty":"st","c":{"a":0,"k":[1,0,0.01568627451,1],"ix":3},"o":{"a":0,"k":100,"ix":4},"w":{"a":0,"k":5.72,"ix":5},"lc":3,"lj":1,"ml":1.56,"bm":0,"nm":"Stroke 1","mn":"ADBE Vector Graphic - Stroke","hd":false},{"ty":"tm","s":{"a":0,"k":0,"ix":1},"e":{"a":1,"k":[{"i":{"x":[0.295],"y":[1]},"o":{"x":[0.553],"y":[0]},"t":7.992,"s":[0]},{"i":{"x":[0.295],"y":[1]},"o":{"x":[0.167],"y":[0]},"t":14.985,"s":[100]},{"i":{"x":[0.833],"y":[1]},"o":{"x":[0.167],"y":[0]},"t":164.835,"s":[100]},{"t":168.831006876628,"s":[0]}],"ix":2},"o":{"a":0,"k":0,"ix":3},"m":1,"ix":3,"nm":"Trim Paths 1","mn":"ADBE Vector Filter - Trim","hd":false}],"ip":0,"op":2697.30010986328,"st":0,"bm":0},{"ddd":0,"ind":7,"ty":4,"nm":"CHUNK 8","parent":26,"sr":1,"ks":{"o":{"a":0,"k":100,"ix":11},"r":{"a":0,"k":1.075,"ix":10},"p":{"a":0,"k":[0.079,0.254,0],"ix":2,"l":2},"a":{"a":0,"k":[84.5,83.5,0],"ix":1,"l":2},"s":{"a":0,"k":[101.01,101.01,100],"ix":6,"l":2}},"ao":0,"shapes":[{"ind":0,"ty":"sh","ix":1,"ks":{"a":0,"k":{"i":[[0,0],[0,0]],"o":[[0,0],[0,0]],"v":[[53.766,157.063],[36.402,147.139]],"c":false},"ix":2},"nm":"Path 1","mn":"ADBE Vector Shape - Group","hd":false},{"ty":"st","c":{"a":0,"k":[1,0,0.01568627451,1],"ix":3},"o":{"a":0,"k":100,"ix":4},"w":{"a":0,"k":5.72,"ix":5},"lc":3,"lj":1,"ml":1.56,"bm":0,"nm":"Stroke 1","mn":"ADBE Vector Graphic - Stroke","hd":false},{"ty":"tm","s":{"a":0,"k":0,"ix":1},"e":{"a":1,"k":[{"i":{"x":[0.295],"y":[1]},"o":{"x":[0.553],"y":[0]},"t":8.991,"s":[0]},{"i":{"x":[0.295],"y":[1]},"o":{"x":[0.167],"y":[0]},"t":15.984,"s":[100]},{"i":{"x":[0.833],"y":[1]},"o":{"x":[0.167],"y":[0]},"t":165.834,"s":[100]},{"t":169.830006917318,"s":[0]}],"ix":2},"o":{"a":0,"k":0,"ix":3},"m":1,"ix":3,"nm":"Trim Paths 1","mn":"ADBE Vector Filter - Trim","hd":false}],"ip":0,"op":2697.30010986328,"st":0,"bm":0},{"ddd":0,"ind":8,"ty":4,"nm":"CHUNK 9","parent":26,"sr":1,"ks":{"o":{"a":0,"k":100,"ix":11},"r":{"a":0,"k":1.075,"ix":10},"p":{"a":0,"k":[0.079,0.254,0],"ix":2,"l":2},"a":{"a":0,"k":[84.5,83.5,0],"ix":1,"l":2},"s":{"a":0,"k":[101.01,101.01,100],"ix":6,"l":2}},"ao":0,"shapes":[{"ind":0,"ty":"sh","ix":1,"ks":{"a":0,"k":{"i":[[0,0],[0,0]],"o":[[0,0],[0,0]],"v":[[21.032,131.909],[10.95,114.636]],"c":false},"ix":2},"nm":"Path 1","mn":"ADBE Vector Shape - Group","hd":false},{"ty":"st","c":{"a":0,"k":[1,0,0.01568627451,1],"ix":3},"o":{"a":0,"k":100,"ix":4},"w":{"a":0,"k":5.72,"ix":5},"lc":3,"lj":1,"ml":1.56,"bm":0,"nm":"Stroke 1","mn":"ADBE Vector Graphic - Stroke","hd":false},{"ty":"tm","s":{"a":0,"k":0,"ix":1},"e":{"a":1,"k":[{"i":{"x":[0.295],"y":[1]},"o":{"x":[0.553],"y":[0]},"t":9.99,"s":[0]},{"i":{"x":[0.295],"y":[1]},"o":{"x":[0.167],"y":[0]},"t":16.983,"s":[100]},{"i":{"x":[0.833],"y":[1]},"o":{"x":[0.167],"y":[0]},"t":166.833,"s":[100]},{"t":170.829006958008,"s":[0]}],"ix":2},"o":{"a":0,"k":0,"ix":3},"m":1,"ix":3,"nm":"Trim Paths 1","mn":"ADBE Vector Filter - Trim","hd":false}],"ip":0,"op":2697.30010986328,"st":0,"bm":0},{"ddd":0,"ind":9,"ty":4,"nm":"CHUNK 10","parent":26,"sr":1,"ks":{"o":{"a":0,"k":100,"ix":11},"r":{"a":0,"k":1.075,"ix":10},"p":{"a":0,"k":[0.079,0.254,0],"ix":2,"l":2},"a":{"a":0,"k":[84.5,83.5,0],"ix":1,"l":2},"s":{"a":0,"k":[101.01,101.01,100],"ix":6,"l":2}},"ao":0,"shapes":[{"ind":0,"ty":"sh","ix":1,"ks":{"a":0,"k":{"i":[[0,0],[0,0]],"o":[[0,0],[0,0]],"v":[[5.197,93.366],[5.197,73.366]],"c":false},"ix":2},"nm":"Path 1","mn":"ADBE Vector Shape - Group","hd":false},{"ty":"st","c":{"a":0,"k":[1,0,0.01568627451,1],"ix":3},"o":{"a":0,"k":100,"ix":4},"w":{"a":0,"k":5.72,"ix":5},"lc":3,"lj":1,"ml":1.56,"bm":0,"nm":"Stroke 1","mn":"ADBE Vector Graphic - Stroke","hd":false},{"ty":"tm","s":{"a":0,"k":0,"ix":1},"e":{"a":1,"k":[{"i":{"x":[0.295],"y":[1]},"o":{"x":[0.553],"y":[0]},"t":10.989,"s":[0]},{"i":{"x":[0.295],"y":[1]},"o":{"x":[0.167],"y":[0]},"t":17.982,"s":[100]},{"i":{"x":[0.833],"y":[1]},"o":{"x":[0.167],"y":[0]},"t":167.832,"s":[100]},{"t":171.828006998698,"s":[0]}],"ix":2},"o":{"a":0,"k":0,"ix":3},"m":1,"ix":3,"nm":"Trim Paths 1","mn":"ADBE Vector Filter - Trim","hd":false}],"ip":0,"op":2697.30010986328,"st":0,"bm":0},{"ddd":0,"ind":10,"ty":4,"nm":"CHUNK 1","parent":26,"sr":1,"ks":{"o":{"a":0,"k":100,"ix":11},"r":{"a":0,"k":1.075,"ix":10},"p":{"a":0,"k":[0.079,0.254,0],"ix":2,"l":2},"a":{"a":0,"k":[84.5,83.5,0],"ix":1,"l":2},"s":{"a":0,"k":[101.01,101.01,100],"ix":6,"l":2}},"ao":0,"shapes":[{"ind":0,"ty":"sh","ix":1,"ks":{"a":0,"k":{"i":[[0,0],[0,0]],"o":[[0,0],[0,0]],"v":[[10.668,52.767],[20.592,35.403]],"c":false},"ix":2},"nm":"Path 1","mn":"ADBE Vector Shape - Group","hd":false},{"ty":"st","c":{"a":0,"k":[1,0,0.01568627451,1],"ix":3},"o":{"a":0,"k":100,"ix":4},"w":{"a":0,"k":5.72,"ix":5},"lc":3,"lj":1,"ml":1.56,"bm":0,"nm":"Stroke 1","mn":"ADBE Vector Graphic - Stroke","hd":false},{"ty":"tm","s":{"a":0,"k":0,"ix":1},"e":{"a":1,"k":[{"i":{"x":[0.295],"y":[1]},"o":{"x":[0.553],"y":[0]},"t":11.988,"s":[0]},{"i":{"x":[0.833],"y":[1]},"o":{"x":[0.167],"y":[0]},"t":18.981,"s":[100]},{"i":{"x":[0.833],"y":[1]},"o":{"x":[0.167],"y":[0]},"t":168.831,"s":[100]},{"t":172.827007039388,"s":[0]}],"ix":2},"o":{"a":0,"k":0,"ix":3},"m":1,"ix":3,"nm":"Trim Paths 1","mn":"ADBE Vector Filter - Trim","hd":false}],"ip":0,"op":2697.30010986328,"st":0,"bm":0},{"ddd":0,"ind":11,"ty":4,"nm":"CHUNK 11","parent":26,"sr":1,"ks":{"o":{"a":0,"k":100,"ix":11},"r":{"a":0,"k":1.075,"ix":10},"p":{"a":0,"k":[0.079,0.254,0],"ix":2,"l":2},"a":{"a":0,"k":[84.5,83.5,0],"ix":1,"l":2},"s":{"a":0,"k":[101.01,101.01,100],"ix":6,"l":2}},"ao":0,"shapes":[{"ind":0,"ty":"sh","ix":1,"ks":{"a":0,"k":{"i":[[0,0],[0,0]],"o":[[0,0],[0,0]],"v":[[35.822,20.033],[53.095,9.951]],"c":false},"ix":2},"nm":"Path 1","mn":"ADBE Vector Shape - Group","hd":false},{"ty":"st","c":{"a":0,"k":[1,0,0.01568627451,1],"ix":3},"o":{"a":0,"k":100,"ix":4},"w":{"a":0,"k":5.72,"ix":5},"lc":3,"lj":1,"ml":1.56,"bm":0,"nm":"Stroke 1","mn":"ADBE Vector Graphic - Stroke","hd":false},{"ty":"tm","s":{"a":0,"k":0,"ix":1},"e":{"a":1,"k":[{"i":{"x":[0.295],"y":[1]},"o":{"x":[0.553],"y":[0]},"t":12.987,"s":[0]},{"i":{"x":[0.295],"y":[1]},"o":{"x":[0.167],"y":[0]},"t":19.98,"s":[100]},{"i":{"x":[0.833],"y":[1]},"o":{"x":[0.167],"y":[0]},"t":169.83,"s":[100]},{"t":173.826007080078,"s":[0]}],"ix":2},"o":{"a":0,"k":0,"ix":3},"m":1,"ix":3,"nm":"Trim Paths 1","mn":"ADBE Vector Filter - Trim","hd":false}],"ip":0,"op":2697.30010986328,"st":0,"bm":0},{"ddd":0,"ind":12,"ty":4,"nm":"CHUNK 12","parent":26,"sr":1,"ks":{"o":{"a":0,"k":100,"ix":11},"r":{"a":0,"k":1.075,"ix":10},"p":{"a":0,"k":[0.079,0.254,0],"ix":2,"l":2},"a":{"a":0,"k":[84.5,83.5,0],"ix":1,"l":2},"s":{"a":0,"k":[101.01,101.01,100],"ix":6,"l":2}},"ao":0,"shapes":[{"ind":0,"ty":"sh","ix":1,"ks":{"a":0,"k":{"i":[[0,0],[0,0]],"o":[[0,0],[0,0]],"v":[[74.365,4.199],[94.365,4.199]],"c":false},"ix":2},"nm":"Path 1","mn":"ADBE Vector Shape - Group","hd":false},{"ty":"tm","s":{"a":0,"k":0,"ix":1},"e":{"a":0,"k":100,"ix":2},"o":{"a":0,"k":0,"ix":3},"m":1,"ix":2,"nm":"Trim Paths 1","mn":"ADBE Vector Filter - Trim","hd":false},{"ty":"st","c":{"a":0,"k":[1,0,0.01568627451,1],"ix":3},"o":{"a":0,"k":100,"ix":4},"w":{"a":0,"k":5.72,"ix":5},"lc":3,"lj":1,"ml":1.56,"bm":0,"nm":"Stroke 1","mn":"ADBE Vector Graphic - Stroke","hd":false},{"ty":"tm","s":{"a":0,"k":0,"ix":1},"e":{"a":1,"k":[{"i":{"x":[0.295],"y":[1]},"o":{"x":[0.553],"y":[0]},"t":13.986,"s":[0]},{"i":{"x":[0.295],"y":[1]},"o":{"x":[0.167],"y":[0]},"t":20.979,"s":[100]},{"i":{"x":[0.833],"y":[1]},"o":{"x":[0.167],"y":[0]},"t":170.829,"s":[100]},{"t":174.825007120768,"s":[0]}],"ix":2},"o":{"a":0,"k":0,"ix":3},"m":1,"ix":4,"nm":"Trim Paths 2","mn":"ADBE Vector Filter - Trim","hd":false}],"ip":0,"op":2697.30010986328,"st":0,"bm":0},{"ddd":0,"ind":13,"ty":4,"nm":"INNER CIRCLE","sr":1,"ks":{"o":{"a":0,"k":100,"ix":11},"r":{"a":1,"k":[{"i":{"x":[0.891],"y":[0.905]},"o":{"x":[0.397],"y":[0.371]},"t":0,"s":[-43.641]},{"i":{"x":[0.833],"y":[0.833]},"o":{"x":[0.033],"y":[0.03]},"t":17.982,"s":[54.359]},{"i":{"x":[0.833],"y":[0.833]},"o":{"x":[0.167],"y":[0.167]},"t":86.913,"s":[414.359]},{"i":{"x":[0.833],"y":[0.833]},"o":{"x":[0.167],"y":[0.167]},"t":159.84,"s":[774.359]},{"t":191.8080078125,"s":[946.359]}],"ix":10},"p":{"a":0,"k":[986.34,957.858,0],"ix":2,"l":2},"a":{"a":0,"k":[0,0,0],"ix":1,"l":2},"s":{"a":0,"k":[952.525,952.525,100],"ix":6,"l":2}},"ao":0,"shapes":[{"d":1,"ty":"el","s":{"a":0,"k":[146,146],"ix":2},"p":{"a":0,"k":[0,0],"ix":3},"nm":"Ellipse Path 1","mn":"ADBE Vector Shape - Ellipse","hd":false},{"ty":"tm","s":{"a":1,"k":[{"i":{"x":[0.667],"y":[1]},"o":{"x":[0.333],"y":[0]},"t":0,"s":[100]},{"i":{"x":[0.667],"y":[1]},"o":{"x":[0.167],"y":[0]},"t":17.982,"s":[0]},{"i":{"x":[0.667],"y":[1]},"o":{"x":[0.333],"y":[0]},"t":159.84,"s":[0]},{"t":191.8080078125,"s":[100]}],"ix":1},"e":{"a":1,"k":[{"i":{"x":[0.667],"y":[1]},"o":{"x":[0.333],"y":[0]},"t":0,"s":[100]},{"t":17.9820007324219,"s":[100]}],"ix":2},"o":{"a":0,"k":-46,"ix":3},"m":1,"ix":2,"nm":"Trim Paths 1","mn":"ADBE Vector Filter - Trim","hd":false},{"ty":"st","c":{"a":0,"k":[1,0,0.015685999627,1],"ix":3},"o":{"a":0,"k":100,"ix":4},"w":{"a":0,"k":2,"ix":5},"lc":1,"lj":1,"ml":4,"bm":0,"nm":"Stroke 1","mn":"ADBE Vector Graphic - Stroke","hd":false}],"ip":0,"op":1158.84004720052,"st":0,"bm":0},{"ddd":0,"ind":14,"ty":4,"nm":"LINE 1","parent":13,"sr":1,"ks":{"o":{"a":0,"k":100,"ix":11},"r":{"a":0,"k":0,"ix":10},"p":{"a":0,"k":[-0.188,0.312,0],"ix":2,"l":2},"a":{"a":0,"k":[84.5,83.5,0],"ix":1,"l":2},"s":{"a":0,"k":[100,100,100],"ix":6,"l":2}},"ao":0,"shapes":[{"ind":0,"ty":"sh","ix":1,"ks":{"a":0,"k":{"i":[[0,0],[0,0]],"o":[[0,0],[0,0]],"v":[[100.96,21.901],[103.306,13.212]],"c":false},"ix":2},"nm":"Path 1","mn":"ADBE Vector Shape - Group","hd":false},{"ty":"tm","s":{"a":1,"k":[{"i":{"x":[0.27],"y":[1]},"o":{"x":[0.333],"y":[0]},"t":9.99,"s":[100]},{"i":{"x":[0.833],"y":[1]},"o":{"x":[0.167],"y":[0]},"t":20.979,"s":[0]},{"i":{"x":[0.833],"y":[1]},"o":{"x":[0.167],"y":[0]},"t":164.835,"s":[0]},{"t":169.830006917318,"s":[100]}],"ix":1},"e":{"a":0,"k":100,"ix":2},"o":{"a":0,"k":0,"ix":3},"m":1,"ix":2,"nm":"Trim Paths 1","mn":"ADBE Vector Filter - Trim","hd":false},{"ty":"st","c":{"a":0,"k":[1,0,0.01568627451,1],"ix":3},"o":{"a":0,"k":100,"ix":4},"w":{"a":0,"k":1.43,"ix":5},"lc":3,"lj":1,"ml":1.56,"bm":0,"nm":"Stroke 1","mn":"ADBE Vector Graphic - Stroke","hd":false}],"ip":0,"op":2697.30010986328,"st":0,"bm":0},{"ddd":0,"ind":15,"ty":4,"nm":"LINE 2","parent":13,"sr":1,"ks":{"o":{"a":0,"k":100,"ix":11},"r":{"a":0,"k":0,"ix":10},"p":{"a":0,"k":[-0.188,0.312,0],"ix":2,"l":2},"a":{"a":0,"k":[84.5,83.5,0],"ix":1,"l":2},"s":{"a":0,"k":[100,100,100],"ix":6,"l":2}},"ao":0,"shapes":[{"ind":0,"ty":"sh","ix":1,"ks":{"a":0,"k":{"i":[[0,0],[0,0]],"o":[[0,0],[0,0]],"v":[[128.961,37.929],[135.265,31.506]],"c":false},"ix":2},"nm":"Path 1","mn":"ADBE Vector Shape - Group","hd":false},{"ty":"st","c":{"a":0,"k":[1,0,0.01568627451,1],"ix":3},"o":{"a":0,"k":100,"ix":4},"w":{"a":0,"k":1.43,"ix":5},"lc":3,"lj":1,"ml":1.56,"bm":0,"nm":"Stroke 1","mn":"ADBE Vector Graphic - Stroke","hd":false},{"ty":"tm","s":{"a":1,"k":[{"i":{"x":[0.27],"y":[1]},"o":{"x":[0.333],"y":[0]},"t":8.991,"s":[100]},{"i":{"x":[0.833],"y":[1]},"o":{"x":[0.167],"y":[0]},"t":19.98,"s":[0]},{"i":{"x":[0.833],"y":[1]},"o":{"x":[0.167],"y":[0]},"t":165.834,"s":[0]},{"t":172.827007039388,"s":[100]}],"ix":1},"e":{"a":0,"k":100,"ix":2},"o":{"a":0,"k":0,"ix":3},"m":1,"ix":3,"nm":"Trim Paths 1","mn":"ADBE Vector Filter - Trim","hd":false}],"ip":0,"op":2697.30010986328,"st":0,"bm":0},{"ddd":0,"ind":16,"ty":4,"nm":"LINE 3","parent":13,"sr":1,"ks":{"o":{"a":0,"k":100,"ix":11},"r":{"a":0,"k":0,"ix":10},"p":{"a":0,"k":[-0.188,0.312,0],"ix":2,"l":2},"a":{"a":0,"k":[84.5,83.5,0],"ix":1,"l":2},"s":{"a":0,"k":[100,100,100],"ix":6,"l":2}},"ao":0,"shapes":[{"ind":0,"ty":"sh","ix":1,"ks":{"a":0,"k":{"i":[[0,0],[0,0]],"o":[[0,0],[0,0]],"v":[[145.772,66.559],[154.453,64.183]],"c":false},"ix":2},"nm":"Path 1","mn":"ADBE Vector Shape - Group","hd":false},{"ty":"st","c":{"a":0,"k":[1,0,0.01568627451,1],"ix":3},"o":{"a":0,"k":100,"ix":4},"w":{"a":0,"k":1.43,"ix":5},"lc":3,"lj":1,"ml":1.56,"bm":0,"nm":"Stroke 1","mn":"ADBE Vector Graphic - Stroke","hd":false},{"ty":"tm","s":{"a":1,"k":[{"i":{"x":[0.27],"y":[1]},"o":{"x":[0.333],"y":[0]},"t":7.992,"s":[100]},{"i":{"x":[0.833],"y":[1]},"o":{"x":[0.167],"y":[0]},"t":18.981,"s":[0]},{"i":{"x":[0.833],"y":[1]},"o":{"x":[0.167],"y":[0]},"t":166.833,"s":[0]},{"t":173.826007080078,"s":[100]}],"ix":1},"e":{"a":0,"k":100,"ix":2},"o":{"a":0,"k":0,"ix":3},"m":1,"ix":3,"nm":"Trim Paths 1","mn":"ADBE Vector Filter - Trim","hd":false}],"ip":0,"op":2697.30010986328,"st":0,"bm":0},{"ddd":0,"ind":17,"ty":4,"nm":"LINE 4","parent":13,"sr":1,"ks":{"o":{"a":0,"k":100,"ix":11},"r":{"a":0,"k":0,"ix":10},"p":{"a":0,"k":[-0.188,0.312,0],"ix":2,"l":2},"a":{"a":0,"k":[84.5,83.5,0],"ix":1,"l":2},"s":{"a":0,"k":[100,100,100],"ix":6,"l":2}},"ao":0,"shapes":[{"ind":0,"ty":"sh","ix":1,"ks":{"a":0,"k":{"i":[[0,0],[0,0]],"o":[[0,0],[0,0]],"v":[[145.83,99.961],[154.519,102.307]],"c":false},"ix":2},"nm":"Path 1","mn":"ADBE Vector Shape - Group","hd":false},{"ty":"st","c":{"a":0,"k":[1,0,0.01568627451,1],"ix":3},"o":{"a":0,"k":100,"ix":4},"w":{"a":0,"k":1.43,"ix":5},"lc":3,"lj":1,"ml":1.56,"bm":0,"nm":"Stroke 1","mn":"ADBE Vector Graphic - Stroke","hd":false},{"ty":"tm","s":{"a":1,"k":[{"i":{"x":[0.27],"y":[1]},"o":{"x":[0.333],"y":[0]},"t":6.993,"s":[100]},{"i":{"x":[0.833],"y":[1]},"o":{"x":[0.167],"y":[0]},"t":17.982,"s":[0]},{"i":{"x":[0.833],"y":[1]},"o":{"x":[0.167],"y":[0]},"t":167.832,"s":[0]},{"t":174.825007120768,"s":[100]}],"ix":1},"e":{"a":0,"k":100,"ix":2},"o":{"a":0,"k":0,"ix":3},"m":1,"ix":3,"nm":"Trim Paths 1","mn":"ADBE Vector Filter - Trim","hd":false}],"ip":0,"op":2697.30010986328,"st":0,"bm":0},{"ddd":0,"ind":18,"ty":4,"nm":"LINE 5","parent":13,"sr":1,"ks":{"o":{"a":0,"k":100,"ix":11},"r":{"a":0,"k":0,"ix":10},"p":{"a":0,"k":[-0.188,0.312,0],"ix":2,"l":2},"a":{"a":0,"k":[84.5,83.5,0],"ix":1,"l":2},"s":{"a":0,"k":[100,100,100],"ix":6,"l":2}},"ao":0,"shapes":[{"ind":0,"ty":"sh","ix":1,"ks":{"a":0,"k":{"i":[[0,0],[0,0]],"o":[[0,0],[0,0]],"v":[[129.802,127.962],[136.225,134.266]],"c":false},"ix":2},"nm":"Path 1","mn":"ADBE Vector Shape - Group","hd":false},{"ty":"st","c":{"a":0,"k":[1,0,0.01568627451,1],"ix":3},"o":{"a":0,"k":100,"ix":4},"w":{"a":0,"k":1.43,"ix":5},"lc":3,"lj":1,"ml":1.56,"bm":0,"nm":"Stroke 1","mn":"ADBE Vector Graphic - Stroke","hd":false},{"ty":"tm","s":{"a":1,"k":[{"i":{"x":[0.27],"y":[1]},"o":{"x":[0.333],"y":[0]},"t":5.994,"s":[100]},{"i":{"x":[0.833],"y":[1]},"o":{"x":[0.167],"y":[0]},"t":16.983,"s":[0]},{"i":{"x":[0.833],"y":[1]},"o":{"x":[0.167],"y":[0]},"t":168.831,"s":[0]},{"t":175.824007161458,"s":[100]}],"ix":1},"e":{"a":0,"k":100,"ix":2},"o":{"a":0,"k":0,"ix":3},"m":1,"ix":3,"nm":"Trim Paths 1","mn":"ADBE Vector Filter - Trim","hd":false}],"ip":0,"op":2697.30010986328,"st":0,"bm":0},{"ddd":0,"ind":19,"ty":4,"nm":"LINE 6","parent":13,"sr":1,"ks":{"o":{"a":0,"k":100,"ix":11},"r":{"a":0,"k":0,"ix":10},"p":{"a":0,"k":[-0.188,0.312,0],"ix":2,"l":2},"a":{"a":0,"k":[84.5,83.5,0],"ix":1,"l":2},"s":{"a":0,"k":[100,100,100],"ix":6,"l":2}},"ao":0,"shapes":[{"ind":0,"ty":"sh","ix":1,"ks":{"a":0,"k":{"i":[[0,0],[0,0]],"o":[[0,0],[0,0]],"v":[[101.172,144.773],[103.548,153.454]],"c":false},"ix":2},"nm":"Path 1","mn":"ADBE Vector Shape - Group","hd":false},{"ty":"st","c":{"a":0,"k":[1,0,0.01568627451,1],"ix":3},"o":{"a":0,"k":100,"ix":4},"w":{"a":0,"k":1.43,"ix":5},"lc":3,"lj":1,"ml":1.56,"bm":0,"nm":"Stroke 1","mn":"ADBE Vector Graphic - Stroke","hd":false},{"ty":"tm","s":{"a":1,"k":[{"i":{"x":[0.27],"y":[1]},"o":{"x":[0.333],"y":[0]},"t":4.995,"s":[100]},{"i":{"x":[0.833],"y":[1]},"o":{"x":[0.167],"y":[0]},"t":15.984,"s":[0]},{"i":{"x":[0.833],"y":[1]},"o":{"x":[0.167],"y":[0]},"t":169.83,"s":[0]},{"t":176.823007202148,"s":[100]}],"ix":1},"e":{"a":0,"k":100,"ix":2},"o":{"a":0,"k":0,"ix":3},"m":1,"ix":3,"nm":"Trim Paths 1","mn":"ADBE Vector Filter - Trim","hd":false}],"ip":0,"op":2697.30010986328,"st":0,"bm":0},{"ddd":0,"ind":20,"ty":4,"nm":"LINE 7","parent":13,"sr":1,"ks":{"o":{"a":0,"k":100,"ix":11},"r":{"a":0,"k":0,"ix":10},"p":{"a":0,"k":[-0.188,0.312,0],"ix":2,"l":2},"a":{"a":0,"k":[84.5,83.5,0],"ix":1,"l":2},"s":{"a":0,"k":[100,100,100],"ix":6,"l":2}},"ao":0,"shapes":[{"ind":0,"ty":"sh","ix":1,"ks":{"a":0,"k":{"i":[[0,0],[0,0]],"o":[[0,0],[0,0]],"v":[[67.77,144.831],[65.424,153.52]],"c":false},"ix":2},"nm":"Path 1","mn":"ADBE Vector Shape - Group","hd":false},{"ty":"st","c":{"a":0,"k":[1,0,0.01568627451,1],"ix":3},"o":{"a":0,"k":100,"ix":4},"w":{"a":0,"k":1.43,"ix":5},"lc":3,"lj":1,"ml":1.56,"bm":0,"nm":"Stroke 1","mn":"ADBE Vector Graphic - Stroke","hd":false},{"ty":"tm","s":{"a":1,"k":[{"i":{"x":[0.27],"y":[1]},"o":{"x":[0.333],"y":[0]},"t":3.996,"s":[100]},{"i":{"x":[0.833],"y":[1]},"o":{"x":[0.167],"y":[0]},"t":14.985,"s":[0]},{"i":{"x":[0.833],"y":[1]},"o":{"x":[0.167],"y":[0]},"t":170.829,"s":[0]},{"t":177.822007242839,"s":[100]}],"ix":1},"e":{"a":0,"k":100,"ix":2},"o":{"a":0,"k":0,"ix":3},"m":1,"ix":3,"nm":"Trim Paths 1","mn":"ADBE Vector Filter - Trim","hd":false}],"ip":0,"op":2697.30010986328,"st":0,"bm":0},{"ddd":0,"ind":21,"ty":4,"nm":"LINE 8","parent":13,"sr":1,"ks":{"o":{"a":0,"k":100,"ix":11},"r":{"a":0,"k":0,"ix":10},"p":{"a":0,"k":[-0.188,0.312,0],"ix":2,"l":2},"a":{"a":0,"k":[84.5,83.5,0],"ix":1,"l":2},"s":{"a":0,"k":[100,100,100],"ix":6,"l":2}},"ao":0,"shapes":[{"ind":0,"ty":"sh","ix":1,"ks":{"a":0,"k":{"i":[[0,0],[0,0]],"o":[[0,0],[0,0]],"v":[[39.769,128.803],[33.465,135.226]],"c":false},"ix":2},"nm":"Path 1","mn":"ADBE Vector Shape - Group","hd":false},{"ty":"st","c":{"a":0,"k":[1,0,0.01568627451,1],"ix":3},"o":{"a":0,"k":100,"ix":4},"w":{"a":0,"k":1.43,"ix":5},"lc":3,"lj":1,"ml":1.56,"bm":0,"nm":"Stroke 1","mn":"ADBE Vector Graphic - Stroke","hd":false},{"ty":"tm","s":{"a":1,"k":[{"i":{"x":[0.27],"y":[1]},"o":{"x":[0.333],"y":[0]},"t":2.997,"s":[100]},{"i":{"x":[0.833],"y":[1]},"o":{"x":[0.167],"y":[0]},"t":13.986,"s":[0]},{"i":{"x":[0.833],"y":[1]},"o":{"x":[0.167],"y":[0]},"t":171.828,"s":[0]},{"t":178.821007283529,"s":[100]}],"ix":1},"e":{"a":0,"k":100,"ix":2},"o":{"a":0,"k":0,"ix":3},"m":1,"ix":3,"nm":"Trim Paths 1","mn":"ADBE Vector Filter - Trim","hd":false}],"ip":0,"op":2697.30010986328,"st":0,"bm":0},{"ddd":0,"ind":22,"ty":4,"nm":"LINE 9","parent":13,"sr":1,"ks":{"o":{"a":0,"k":100,"ix":11},"r":{"a":0,"k":0,"ix":10},"p":{"a":0,"k":[-0.188,0.312,0],"ix":2,"l":2},"a":{"a":0,"k":[84.5,83.5,0],"ix":1,"l":2},"s":{"a":0,"k":[100,100,100],"ix":6,"l":2}},"ao":0,"shapes":[{"ind":0,"ty":"sh","ix":1,"ks":{"a":0,"k":{"i":[[0,0],[0,0]],"o":[[0,0],[0,0]],"v":[[22.958,100.173],[14.277,102.549]],"c":false},"ix":2},"nm":"Path 1","mn":"ADBE Vector Shape - Group","hd":false},{"ty":"st","c":{"a":0,"k":[1,0,0.01568627451,1],"ix":3},"o":{"a":0,"k":100,"ix":4},"w":{"a":0,"k":1.43,"ix":5},"lc":3,"lj":1,"ml":1.56,"bm":0,"nm":"Stroke 1","mn":"ADBE Vector Graphic - Stroke","hd":false},{"ty":"tm","s":{"a":1,"k":[{"i":{"x":[0.27],"y":[1]},"o":{"x":[0.333],"y":[0]},"t":1.998,"s":[100]},{"i":{"x":[0.833],"y":[1]},"o":{"x":[0.167],"y":[0]},"t":12.987,"s":[0]},{"i":{"x":[0.833],"y":[1]},"o":{"x":[0.167],"y":[0]},"t":172.827,"s":[0]},{"t":179.820007324219,"s":[100]}],"ix":1},"e":{"a":0,"k":100,"ix":2},"o":{"a":0,"k":0,"ix":3},"m":1,"ix":3,"nm":"Trim Paths 1","mn":"ADBE Vector Filter - Trim","hd":false}],"ip":0,"op":2697.30010986328,"st":0,"bm":0},{"ddd":0,"ind":23,"ty":4,"nm":"LINE 10","parent":13,"sr":1,"ks":{"o":{"a":0,"k":100,"ix":11},"r":{"a":0,"k":0,"ix":10},"p":{"a":0,"k":[-0.188,0.312,0],"ix":2,"l":2},"a":{"a":0,"k":[84.5,83.5,0],"ix":1,"l":2},"s":{"a":0,"k":[100,100,100],"ix":6,"l":2}},"ao":0,"shapes":[{"ind":0,"ty":"sh","ix":1,"ks":{"a":0,"k":{"i":[[0,0],[0,0]],"o":[[0,0],[0,0]],"v":[[22.9,66.771],[14.211,64.425]],"c":false},"ix":2},"nm":"Path 1","mn":"ADBE Vector Shape - Group","hd":false},{"ty":"st","c":{"a":0,"k":[1,0,0.01568627451,1],"ix":3},"o":{"a":0,"k":100,"ix":4},"w":{"a":0,"k":1.43,"ix":5},"lc":3,"lj":1,"ml":1.56,"bm":0,"nm":"Stroke 1","mn":"ADBE Vector Graphic - Stroke","hd":false},{"ty":"tm","s":{"a":1,"k":[{"i":{"x":[0.27],"y":[1]},"o":{"x":[0.333],"y":[0]},"t":0.999,"s":[100]},{"i":{"x":[0.833],"y":[1]},"o":{"x":[0.167],"y":[0]},"t":11.988,"s":[0]},{"i":{"x":[0.833],"y":[1]},"o":{"x":[0.167],"y":[0]},"t":173.826,"s":[0]},{"t":180.819007364909,"s":[100]}],"ix":1},"e":{"a":0,"k":100,"ix":2},"o":{"a":0,"k":0,"ix":3},"m":1,"ix":3,"nm":"Trim Paths 1","mn":"ADBE Vector Filter - Trim","hd":false}],"ip":0,"op":2697.30010986328,"st":0,"bm":0},{"ddd":0,"ind":24,"ty":4,"nm":"LINE 11","parent":13,"sr":1,"ks":{"o":{"a":0,"k":100,"ix":11},"r":{"a":0,"k":0,"ix":10},"p":{"a":0,"k":[-0.188,0.312,0],"ix":2,"l":2},"a":{"a":0,"k":[84.5,83.5,0],"ix":1,"l":2},"s":{"a":0,"k":[100,100,100],"ix":6,"l":2}},"ao":0,"shapes":[{"ind":0,"ty":"sh","ix":1,"ks":{"a":0,"k":{"i":[[0,0],[0,0]],"o":[[0,0],[0,0]],"v":[[38.928,38.77],[32.505,32.466]],"c":false},"ix":2},"nm":"Path 1","mn":"ADBE Vector Shape - Group","hd":false},{"ty":"st","c":{"a":0,"k":[1,0,0.01568627451,1],"ix":3},"o":{"a":0,"k":100,"ix":4},"w":{"a":0,"k":1.43,"ix":5},"lc":3,"lj":1,"ml":1.56,"bm":0,"nm":"Stroke 1","mn":"ADBE Vector Graphic - Stroke","hd":false},{"ty":"tm","s":{"a":1,"k":[{"i":{"x":[0.27],"y":[1]},"o":{"x":[0.333],"y":[0]},"t":0,"s":[100]},{"i":{"x":[0.833],"y":[1]},"o":{"x":[0.167],"y":[0]},"t":2.997,"s":[0]},{"i":{"x":[0.833],"y":[1]},"o":{"x":[0.167],"y":[0]},"t":174.825,"s":[0]},{"t":181.818007405599,"s":[100]}],"ix":1},"e":{"a":0,"k":100,"ix":2},"o":{"a":0,"k":0,"ix":3},"m":1,"ix":3,"nm":"Trim Paths 1","mn":"ADBE Vector Filter - Trim","hd":false}],"ip":0,"op":2697.30010986328,"st":0,"bm":0},{"ddd":0,"ind":25,"ty":4,"nm":"LINE 12","parent":13,"sr":1,"ks":{"o":{"a":0,"k":100,"ix":11},"r":{"a":0,"k":0,"ix":10},"p":{"a":0,"k":[-0.188,0.312,0],"ix":2,"l":2},"a":{"a":0,"k":[84.5,83.5,0],"ix":1,"l":2},"s":{"a":0,"k":[100,100,100],"ix":6,"l":2}},"ao":0,"shapes":[{"ind":0,"ty":"sh","ix":1,"ks":{"a":0,"k":{"i":[[0,0],[0,0]],"o":[[0,0],[0,0]],"v":[[67.558,21.959],[65.182,13.278]],"c":false},"ix":2},"nm":"Path 1","mn":"ADBE Vector Shape - Group","hd":false},{"ty":"st","c":{"a":0,"k":[1,0,0.01568627451,1],"ix":3},"o":{"a":0,"k":100,"ix":4},"w":{"a":0,"k":1.43,"ix":5},"lc":3,"lj":1,"ml":1.56,"bm":0,"nm":"Stroke 1","mn":"ADBE Vector Graphic - Stroke","hd":false},{"ty":"tm","s":{"a":1,"k":[{"i":{"x":[0.27],"y":[1]},"o":{"x":[0.333],"y":[0]},"t":10.989,"s":[100]},{"i":{"x":[0.833],"y":[1]},"o":{"x":[0.167],"y":[0]},"t":16.983,"s":[0]},{"i":{"x":[0.833],"y":[1]},"o":{"x":[0.167],"y":[0]},"t":159.84,"s":[0]},{"t":166.833006795247,"s":[100]}],"ix":1},"e":{"a":0,"k":100,"ix":2},"o":{"a":0,"k":0,"ix":3},"m":1,"ix":3,"nm":"Trim Paths 1","mn":"ADBE Vector Filter - Trim","hd":false}],"ip":0,"op":2697.30010986328,"st":0,"bm":0},{"ddd":0,"ind":26,"ty":4,"nm":"OUTER CIRCLE","sr":1,"ks":{"o":{"a":0,"k":100,"ix":11},"r":{"a":1,"k":[{"i":{"x":[0.983],"y":[1]},"o":{"x":[0.648],"y":[0.557]},"t":0,"s":[0]},{"i":{"x":[0.833],"y":[0.833]},"o":{"x":[0.064],"y":[0.087]},"t":17.982,"s":[-90]},{"i":{"x":[0.667],"y":[1]},"o":{"x":[0.167],"y":[0.167]},"t":86.913,"s":[-450]},{"i":{"x":[0.833],"y":[0.833]},"o":{"x":[0.333],"y":[0]},"t":159.84,"s":[-810]},{"t":185.814007568359,"s":[-900]}],"ix":10},"p":{"a":0,"k":[971.417,959.75,0],"ix":2,"l":2},"a":{"a":0,"k":[0,0,0],"ix":1,"l":2},"s":{"a":0,"k":[943,943,100],"ix":6,"l":2}},"ao":0,"shapes":[{"d":1,"ty":"el","s":{"a":0,"k":[156,156],"ix":2},"p":{"a":0,"k":[0,0],"ix":3},"nm":"Ellipse Path 1","mn":"ADBE Vector Shape - Ellipse","hd":false},{"ty":"tm","s":{"a":1,"k":[{"i":{"x":[0.667],"y":[1]},"o":{"x":[0.333],"y":[0]},"t":159.84,"s":[0]},{"t":174.825007120768,"s":[100]}],"ix":1},"e":{"a":1,"k":[{"i":{"x":[0.345],"y":[1]},"o":{"x":[0.176],"y":[0]},"t":0,"s":[0]},{"t":17.9820007324219,"s":[100]}],"ix":2},"o":{"a":0,"k":0,"ix":3},"m":1,"ix":2,"nm":"Trim Paths 1","mn":"ADBE Vector Filter - Trim","hd":false},{"ty":"st","c":{"a":0,"k":[1,0,0.015685999627,1],"ix":3},"o":{"a":0,"k":100,"ix":4},"w":{"a":0,"k":3,"ix":5},"lc":1,"lj":1,"ml":4,"bm":0,"nm":"Stroke 1","mn":"ADBE Vector Graphic - Stroke","hd":false}],"ip":0,"op":1158.84004720052,"st":0,"bm":0}]}],"layers":[{"ddd":0,"ind":8,"ty":0,"nm":"Disk Break Part 1 Web","refId":"comp_0","sr":1,"ks":{"o":{"a":0,"k":100,"ix":11},"r":{"a":0,"k":0,"ix":10},"p":{"a":0,"k":[722,673.25,0],"ix":2,"l":2},"a":{"a":0,"k":[971.5,960,0],"ix":1,"l":2},"s":{"a":0,"k":[11.6,11.6,100],"ix":6,"l":2}},"ao":0,"w":1943,"h":1920,"ip":0,"op":195.000007942513,"st":0,"bm":0},{"ddd":0,"ind":9,"ty":4,"nm":"Disc Brake 1 WEB 1 Outlines","sr":1,"ks":{"o":{"a":1,"k":[{"i":{"x":[0.371],"y":[1]},"o":{"x":[0.333],"y":[0]},"t":0,"s":[0]},{"i":{"x":[0.371],"y":[1]},"o":{"x":[0.167],"y":[0]},"t":10,"s":[100]},{"i":{"x":[0.667],"y":[1]},"o":{"x":[0.167],"y":[0]},"t":161,"s":[100]},{"t":168.00000684278,"s":[0]}],"ix":11},"r":{"a":0,"k":0,"ix":10},"p":{"s":true,"x":{"a":1,"k":[{"i":{"x":[0.313],"y":[1]},"o":{"x":[0.333],"y":[0]},"t":0,"s":[712.5]},{"i":{"x":[0.667],"y":[1]},"o":{"x":[0],"y":[0]},"t":20,"s":[614.5]},{"i":{"x":[0],"y":[1]},"o":{"x":[0.586],"y":[0]},"t":156,"s":[614.5]},{"t":179.000007290819,"s":[784.5]}],"ix":3},"y":{"a":0,"k":656,"ix":4}},"a":{"a":0,"k":[0,0,0],"ix":1,"l":2},"s":{"a":0,"k":[100,100,100],"ix":6,"l":2}},"ao":0,"shapes":[{"ty":"gr","it":[{"ind":0,"ty":"sh","ix":1,"ks":{"a":0,"k":{"i":[[-4.314,0],[0,5.615],[3.047,0.924],[0,0],[0,0],[0,0],[0,0],[0,0],[0,0],[0,0],[0,0],[0,-0.959],[2.191,0],[1.335,1.678],[0,0]],"o":[[6.711,0],[0,-2.602],[0,0],[0,0],[0,0],[0,0],[0,0],[0,0],[0,0],[0,0],[2.191,0],[0,1.198],[-1.986,0],[0,0],[2.397,3.15]],"v":[[-59.673,0.514],[-48.579,-8.423],[-53.236,-14.107],[-46.285,-18.456],[-44.778,-23.969],[-63.2,-23.969],[-64.878,-17.737],[-55.975,-17.737],[-62.378,-13.559],[-62.275,-9.998],[-59.228,-9.998],[-56.386,-8.423],[-59.913,-6.095],[-64.878,-8.697],[-69.979,-4.143]],"c":true},"ix":2},"nm":"3","mn":"ADBE Vector Shape - Group","hd":false},{"ty":"fl","c":{"a":0,"k":[1,1,1,1],"ix":4},"o":{"a":0,"k":100,"ix":5},"r":1,"bm":0,"nm":"Fill 1","mn":"ADBE Vector Graphic - Fill","hd":false},{"ty":"tr","p":{"a":0,"k":[0,0],"ix":2},"a":{"a":0,"k":[0,0],"ix":1},"s":{"a":0,"k":[100,100],"ix":3},"r":{"a":0,"k":0,"ix":6},"o":{"a":0,"k":100,"ix":7},"sk":{"a":0,"k":0,"ix":4},"sa":{"a":0,"k":0,"ix":5},"nm":"Transform"}],"nm":"3","np":3,"cix":2,"bm":0,"ix":1,"mn":"ADBE Vector Group","hd":false},{"ty":"gr","it":[{"ind":0,"ty":"sh","ix":1,"ks":{"a":0,"k":{"i":[[-6.335,0],[0,8.218],[6.335,0],[0,-8.218]],"o":[[7.944,0],[0,-5.068],[-7.944,0],[0,5.068]],"v":[[-37.934,0.548],[-24.271,-14.997],[-34.133,-24.482],[-47.795,-8.937]],"c":true},"ix":2},"nm":"0","mn":"ADBE Vector Shape - Group","hd":false},{"ind":1,"ty":"sh","ix":2,"ks":{"a":0,"k":{"i":[[3.082,0],[0,2.26],[-3.082,0],[0,-2.26]],"o":[[-1.404,0],[0,-3.39],[1.404,0],[0,3.39]],"v":[[-37.214,-6.403],[-39.748,-9.656],[-34.852,-17.531],[-32.318,-14.278]],"c":true},"ix":2},"nm":"0","mn":"ADBE Vector Shape - Group","hd":false},{"ty":"mm","mm":1,"nm":"Merge Paths 1","mn":"ADBE Vector Filter - Merge","hd":false},{"ty":"fl","c":{"a":0,"k":[1,1,1,1],"ix":4},"o":{"a":0,"k":100,"ix":5},"r":1,"bm":0,"nm":"Fill 1","mn":"ADBE Vector Graphic - Fill","hd":false},{"ty":"tr","p":{"a":0,"k":[0,0],"ix":2},"a":{"a":0,"k":[0,0],"ix":1},"s":{"a":0,"k":[100,100],"ix":3},"r":{"a":0,"k":0,"ix":6},"o":{"a":0,"k":100,"ix":7},"sk":{"a":0,"k":0,"ix":4},"sa":{"a":0,"k":0,"ix":5},"nm":"Transform"}],"nm":"0","np":5,"cix":2,"bm":0,"ix":2,"mn":"ADBE Vector Group","hd":false},{"ty":"gr","it":[{"ind":0,"ty":"sh","ix":1,"ks":{"a":0,"k":{"i":[[-6.335,0],[0,8.218],[6.335,0],[0,-8.218]],"o":[[7.944,0],[0,-5.068],[-7.944,0],[0,5.068]],"v":[[-14.541,0.548],[-0.879,-14.997],[-10.741,-24.482],[-24.403,-8.937]],"c":true},"ix":2},"nm":"0","mn":"ADBE Vector Shape - Group","hd":false},{"ind":1,"ty":"sh","ix":2,"ks":{"a":0,"k":{"i":[[3.082,0],[0,2.26],[-3.082,0],[0,-2.26]],"o":[[-1.404,0],[0,-3.39],[1.404,0],[0,3.39]],"v":[[-13.822,-6.403],[-16.356,-9.656],[-11.46,-17.531],[-8.926,-14.278]],"c":true},"ix":2},"nm":"0","mn":"ADBE Vector Shape - Group","hd":false},{"ty":"mm","mm":1,"nm":"Merge Paths 1","mn":"ADBE Vector Filter - Merge","hd":false},{"ty":"fl","c":{"a":0,"k":[1,1,1,1],"ix":4},"o":{"a":0,"k":100,"ix":5},"r":1,"bm":0,"nm":"Fill 1","mn":"ADBE Vector Graphic - Fill","hd":false},{"ty":"tr","p":{"a":0,"k":[0,0],"ix":2},"a":{"a":0,"k":[0,0],"ix":1},"s":{"a":0,"k":[100,100],"ix":3},"r":{"a":0,"k":0,"ix":6},"o":{"a":0,"k":100,"ix":7},"sk":{"a":0,"k":0,"ix":4},"sa":{"a":0,"k":0,"ix":5},"nm":"Transform"}],"nm":"0","np":5,"cix":2,"bm":0,"ix":3,"mn":"ADBE Vector Group","hd":false}],"ip":0,"op":179.000007290819,"st":0,"bm":0},{"ddd":0,"ind":10,"ty":4,"nm":"Disc Brake 1 WEB 2 Outlines","sr":1,"ks":{"o":{"a":1,"k":[{"i":{"x":[0.371],"y":[1]},"o":{"x":[0.333],"y":[0]},"t":0,"s":[0]},{"i":{"x":[0.371],"y":[1]},"o":{"x":[0.167],"y":[0]},"t":10,"s":[100]},{"i":{"x":[0.667],"y":[1]},"o":{"x":[0.167],"y":[0]},"t":161,"s":[100]},{"t":168.00000684278,"s":[0]}],"ix":11},"r":{"a":0,"k":0,"ix":10},"p":{"s":true,"x":{"a":1,"k":[{"i":{"x":[0.33],"y":[1]},"o":{"x":[0.333],"y":[0]},"t":0,"s":[711.75]},{"i":{"x":[0.667],"y":[1]},"o":{"x":[0],"y":[0]},"t":21,"s":[613.75]},{"i":{"x":[0],"y":[1]},"o":{"x":[0.586],"y":[0]},"t":156,"s":[613.75]},{"t":179.000007290819,"s":[780.75]}],"ix":3},"y":{"a":0,"k":704.25,"ix":4}},"a":{"a":0,"k":[0,0,0],"ix":1,"l":2},"s":{"a":0,"k":[100,100,100],"ix":6,"l":2}},"ao":0,"shapes":[{"ty":"gr","it":[{"ind":0,"ty":"sh","ix":1,"ks":{"a":0,"k":{"i":[[0,0],[0,0],[0,0],[0,0],[0,0],[0,0],[0,0],[0,0],[0,0],[0,0],[0,0],[0,0],[0,0]],"o":[[0,0],[0,0],[0,0],[0,0],[0,0],[0,0],[0,0],[0,0],[0,0],[0,0],[0,0],[0,0],[0,0]],"v":[[-59.95,0],[-52.109,0],[-48.925,-11.882],[-45.706,-3.356],[-45.569,-3.356],[-37.762,-11.882],[-40.947,0],[-32.969,0],[-26.531,-23.969],[-35.331,-23.969],[-42.727,-15.545],[-45.604,-23.969],[-53.513,-23.969]],"c":true},"ix":2},"nm":"M","mn":"ADBE Vector Shape - Group","hd":false},{"ty":"fl","c":{"a":0,"k":[1,1,1,1],"ix":4},"o":{"a":0,"k":100,"ix":5},"r":1,"bm":0,"nm":"Fill 1","mn":"ADBE Vector Graphic - Fill","hd":false},{"ty":"tr","p":{"a":0,"k":[0,0],"ix":2},"a":{"a":0,"k":[0,0],"ix":1},"s":{"a":0,"k":[100,100],"ix":3},"r":{"a":0,"k":0,"ix":6},"o":{"a":0,"k":100,"ix":7},"sk":{"a":0,"k":0,"ix":4},"sa":{"a":0,"k":0,"ix":5},"nm":"Transform"}],"nm":"M","np":3,"cix":2,"bm":0,"ix":1,"mn":"ADBE Vector Group","hd":false},{"ty":"gr","it":[{"ind":0,"ty":"sh","ix":1,"ks":{"a":0,"k":{"i":[[0,0],[0,0],[0,0],[0,0],[0,0],[0,0],[0,0],[0,0],[0,0],[0,0],[0,0],[0,0],[0,0]],"o":[[0,0],[0,0],[0,0],[0,0],[0,0],[0,0],[0,0],[0,0],[0,0],[0,0],[0,0],[0,0],[0,0]],"v":[[-31.73,0],[-23.889,0],[-20.705,-11.882],[-17.486,-3.356],[-17.349,-3.356],[-9.542,-11.882],[-12.727,0],[-4.749,0],[1.689,-23.969],[-7.111,-23.969],[-14.507,-15.545],[-17.384,-23.969],[-25.293,-23.969]],"c":true},"ix":2},"nm":"M","mn":"ADBE Vector Shape - Group","hd":false},{"ty":"fl","c":{"a":0,"k":[1,1,1,1],"ix":4},"o":{"a":0,"k":100,"ix":5},"r":1,"bm":0,"nm":"Fill 1","mn":"ADBE Vector Graphic - Fill","hd":false},{"ty":"tr","p":{"a":0,"k":[0,0],"ix":2},"a":{"a":0,"k":[0,0],"ix":1},"s":{"a":0,"k":[100,100],"ix":3},"r":{"a":0,"k":0,"ix":6},"o":{"a":0,"k":100,"ix":7},"sk":{"a":0,"k":0,"ix":4},"sa":{"a":0,"k":0,"ix":5},"nm":"Transform"}],"nm":"M","np":3,"cix":2,"bm":0,"ix":2,"mn":"ADBE Vector Group","hd":false}],"ip":0,"op":179.000007290819,"st":0,"bm":0}],"markers":[]}